Datum,Umfang,ID,Behang,Zeitpunkt
6/26/2020 14:00,1456.62,1,hoch,1
6/26/2020 15:00,1447.68,1,hoch,2
6/26/2020 16:00,1442.22,1,hoch,3
6/26/2020 17:00,1433.76,1,hoch,4
6/26/2020 18:00,1434.66,1,hoch,5
6/26/2020 19:00,1438.08,1,hoch,6
6/26/2020 20:00,1439.94,1,hoch,7
6/26/2020 21:00,1449.78,1,hoch,8
6/26/2020 22:00,1478.82,1,hoch,9
6/26/2020 23:00,1502.16,1,hoch,10
6/27/2020 0:00,1522.08,1,hoch,11
6/27/2020 1:00,1541.52,1,hoch,12
6/27/2020 2:00,1556.22,1,hoch,13
6/27/2020 3:00,1568.34,1,hoch,14
6/27/2020 4:00,1582.26,1,hoch,15
6/27/2020 5:00,1595.34,1,hoch,16
6/27/2020 6:00,1607.22,1,hoch,17
6/27/2020 7:00,1621.86,1,hoch,18
6/27/2020 8:00,1632.84,1,hoch,19
6/27/2020 9:00,1640.22,1,hoch,20
6/27/2020 10:00,1640.4,1,hoch,21
6/27/2020 11:00,1643.64,1,hoch,22
6/27/2020 12:00,1644.3,1,hoch,23
6/27/2020 13:00,1653.72,1,hoch,24
6/27/2020 14:00,1657.38,1,hoch,25
6/27/2020 15:00,1667.22,1,hoch,26
6/27/2020 16:00,1670.4,1,hoch,27
6/27/2020 17:00,1669.02,1,hoch,28
6/27/2020 18:00,1669.02,1,hoch,29
6/27/2020 19:00,1669.92,1,hoch,30
6/27/2020 20:00,1674.78,1,hoch,31
6/27/2020 21:00,1685.52,1,hoch,32
6/27/2020 22:00,1698.3,1,hoch,33
6/27/2020 23:00,1717.32,1,hoch,34
6/28/2020 0:00,1731.72,1,hoch,35
6/28/2020 1:00,1744.32,1,hoch,36
6/28/2020 2:00,1759.44,1,hoch,37
6/28/2020 3:00,1783.26,1,hoch,38
6/28/2020 4:00,1796.76,1,hoch,39
6/28/2020 5:00,1808.22,1,hoch,40
6/28/2020 6:00,1821.9,1,hoch,41
6/28/2020 7:00,1835.88,1,hoch,42
6/28/2020 8:00,1843.92,1,hoch,43
6/28/2020 9:00,1852.8,1,hoch,44
6/28/2020 10:00,1867.68,1,hoch,45
6/28/2020 11:00,1868.64,1,hoch,46
6/28/2020 12:00,1868.82,1,hoch,47
6/28/2020 13:00,1869.54,1,hoch,48
6/28/2020 14:00,1869.54,1,hoch,49
6/28/2020 15:00,1876.62,1,hoch,50
6/28/2020 16:00,1883.04,1,hoch,51
6/28/2020 17:00,1883.52,1,hoch,52
6/28/2020 18:00,1883.7,1,hoch,53
6/28/2020 19:00,1883.7,1,hoch,54
6/28/2020 20:00,1883.94,1,hoch,55
6/28/2020 21:00,1884.9,1,hoch,56
6/28/2020 22:00,1900.44,1,hoch,57
6/28/2020 23:00,1908.9,1,hoch,58
6/29/2020 0:00,1925.64,1,hoch,59
6/29/2020 1:00,1945.08,1,hoch,60
6/29/2020 2:00,1954.68,1,hoch,61
6/29/2020 3:00,1964.76,1,hoch,62
6/29/2020 4:00,1980.78,1,hoch,63
6/29/2020 5:00,1991.1,1,hoch,64
6/29/2020 6:00,2000.46,1,hoch,65
6/29/2020 7:00,2014.86,1,hoch,66
6/29/2020 8:00,2035.5,1,hoch,67
6/29/2020 9:00,2043.96,1,hoch,68
6/29/2020 10:00,2055.84,1,hoch,69
6/29/2020 11:00,2078.04,1,hoch,70
6/29/2020 12:00,2080.8,1,hoch,71
6/29/2020 13:00,2081.94,1,hoch,72
6/29/2020 14:00,2082.6,1,hoch,73
6/29/2020 15:00,2082.6,1,hoch,74
6/29/2020 16:00,2084.94,1,hoch,75
6/29/2020 17:00,2084.22,1,hoch,76
6/29/2020 18:00,2084.7,1,hoch,77
6/29/2020 19:00,2085.12,1,hoch,78
6/29/2020 20:00,2086.08,1,hoch,79
6/29/2020 21:00,2086.74,1,hoch,80
6/29/2020 22:00,2095.68,1,hoch,81
6/29/2020 23:00,2110.08,1,hoch,82
6/30/2020 0:00,2122.44,1,hoch,83
6/30/2020 1:00,2140.98,1,hoch,84
6/30/2020 2:00,2154.72,1,hoch,85
6/30/2020 3:00,2167.32,1,hoch,86
6/30/2020 4:00,2175.3,1,hoch,87
6/30/2020 5:00,2191.8,1,hoch,88
6/30/2020 6:00,2202.12,1,hoch,89
6/30/2020 7:00,2209.86,1,hoch,90
6/30/2020 8:00,2218.38,1,hoch,91
6/30/2020 9:00,2224.08,1,hoch,92
6/30/2020 10:00,2230.74,1,hoch,93
6/30/2020 11:00,2233.92,1,hoch,94
6/30/2020 12:00,2235.78,1,hoch,95
6/30/2020 13:00,2238.72,1,hoch,96
6/30/2020 14:00,2242.14,1,hoch,97
6/30/2020 15:00,2243.28,1,hoch,98
6/30/2020 16:00,2245.14,1,hoch,99
6/30/2020 17:00,2246.94,1,hoch,100
6/30/2020 18:00,2247.9,1,hoch,101
6/30/2020 19:00,2258.4,1,hoch,102
6/30/2020 20:00,2280.36,1,hoch,103
6/30/2020 21:00,2301,1,hoch,104
6/30/2020 22:00,2320.68,1,hoch,105
6/30/2020 23:00,2346.3,1,hoch,106
7/1/2020 0:00,2359.56,1,hoch,107
7/1/2020 1:00,2376.3,1,hoch,108
7/1/2020 2:00,2396.64,1,hoch,109
7/1/2020 3:00,2419.56,1,hoch,110
7/1/2020 4:00,2428.92,1,hoch,111
7/1/2020 5:00,2446.56,1,hoch,112
7/1/2020 6:00,2463.06,1,hoch,113
7/1/2020 7:00,2476.98,1,hoch,114
7/1/2020 8:00,2539.26,1,hoch,115
7/1/2020 9:00,2553.24,1,hoch,116
7/1/2020 10:00,2558.46,1,hoch,117
7/1/2020 11:00,2567.4,1,hoch,118
7/1/2020 12:00,2570.82,1,hoch,119
7/1/2020 13:00,2571.3,1,hoch,120
7/1/2020 14:00,2592.84,1,hoch,121
7/1/2020 15:00,2628.72,1,hoch,122
7/1/2020 16:00,2634.48,1,hoch,123
7/1/2020 17:00,2643.18,1,hoch,124
7/1/2020 18:00,2663.28,1,hoch,125
7/1/2020 19:00,2694.66,1,hoch,126
7/1/2020 20:00,2709.54,1,hoch,127
7/1/2020 21:00,2722.8,1,hoch,128
7/1/2020 22:00,2740.92,1,hoch,129
7/1/2020 23:00,2761.74,1,hoch,130
7/2/2020 0:00,2785.98,1,hoch,131
7/2/2020 1:00,2804.28,1,hoch,132
7/2/2020 2:00,2818.98,1,hoch,133
7/2/2020 3:00,2831.1,1,hoch,134
7/2/2020 4:00,2849.88,1,hoch,135
7/2/2020 5:00,2867.94,1,hoch,136
7/2/2020 6:00,2884.44,1,hoch,137
7/2/2020 7:00,2902.5,1,hoch,138
7/2/2020 8:00,2917.62,1,hoch,139
7/2/2020 9:00,2924.04,1,hoch,140
7/2/2020 10:00,2929.5,1,hoch,141
7/2/2020 11:00,2943,1,hoch,142
7/2/2020 12:00,2957.64,1,hoch,143
7/2/2020 13:00,2976.42,1,hoch,144
7/2/2020 14:00,2987.16,1,hoch,145
7/2/2020 15:00,2993.58,1,hoch,146
7/2/2020 16:00,3004.56,1,hoch,147
7/2/2020 17:00,3015.12,1,hoch,148
7/2/2020 18:00,3031.38,1,hoch,149
7/2/2020 19:00,3037.98,1,hoch,150
7/2/2020 20:00,3048.54,1,hoch,151
7/2/2020 21:00,3063.42,1,hoch,152
7/2/2020 22:00,3081.24,1,hoch,153
7/2/2020 23:00,3096.12,1,hoch,154
7/3/2020 0:00,3105.72,1,hoch,155
7/3/2020 1:00,3118.56,1,hoch,156
7/3/2020 2:00,3134.82,1,hoch,157
7/3/2020 3:00,3148.32,1,hoch,158
7/3/2020 4:00,3165,1,hoch,159
7/3/2020 5:00,3178.98,1,hoch,160
7/3/2020 6:00,3213.12,1,hoch,161
7/3/2020 7:00,3225.48,1,hoch,162
7/3/2020 8:00,3233.46,1,hoch,163
7/3/2020 9:00,3242.16,1,hoch,164
7/3/2020 10:00,3248.34,1,hoch,165
7/3/2020 11:00,3260.04,1,hoch,166
7/3/2020 12:00,3263.88,1,hoch,167
7/3/2020 13:00,3264.12,1,hoch,168
7/3/2020 14:00,3263.7,1,hoch,169
7/3/2020 15:00,3263.46,1,hoch,170
7/3/2020 16:00,3264.12,1,hoch,171
7/3/2020 17:00,3263.88,1,hoch,172
7/3/2020 18:00,3264.12,1,hoch,173
7/3/2020 19:00,3265.98,1,hoch,174
7/3/2020 20:00,3277.38,1,hoch,175
7/3/2020 21:00,3294.6,1,hoch,176
7/3/2020 22:00,3319.5,1,hoch,177
7/3/2020 23:00,3334.86,1,hoch,178
7/4/2020 0:00,3354.54,1,hoch,179
7/4/2020 1:00,3372.18,1,hoch,180
7/4/2020 2:00,3393.48,1,hoch,181
7/4/2020 3:00,3410.4,1,hoch,182
7/4/2020 4:00,3423.66,1,hoch,183
7/4/2020 5:00,3441.3,1,hoch,184
7/4/2020 6:00,3463.98,1,hoch,185
7/4/2020 7:00,3476.76,1,hoch,186
7/4/2020 8:00,3488.7,1,hoch,187
7/4/2020 9:00,3489.12,1,hoch,188
7/4/2020 10:00,3498.96,1,hoch,189
7/4/2020 11:00,3498.96,1,hoch,190
7/4/2020 12:00,3499.44,1,hoch,191
7/4/2020 13:00,3501.48,1,hoch,192
7/4/2020 14:00,3502.38,1,hoch,193
7/4/2020 15:00,3501.96,1,hoch,194
7/4/2020 16:00,3504.9,1,hoch,195
7/4/2020 17:00,3506.28,1,hoch,196
7/4/2020 18:00,3517.08,1,hoch,197
7/4/2020 19:00,3527.82,1,hoch,198
7/4/2020 20:00,3533.1,1,hoch,199
7/4/2020 21:00,3557.34,1,hoch,200
7/4/2020 22:00,3580.44,1,hoch,201
7/4/2020 23:00,3632.4,1,hoch,202
7/5/2020 0:00,3655.74,1,hoch,203
7/5/2020 1:00,3671.52,1,hoch,204
7/5/2020 2:00,3697.62,1,hoch,205
7/5/2020 3:00,3720.06,1,hoch,206
7/5/2020 4:00,3758.28,1,hoch,207
7/5/2020 5:00,3772.74,1,hoch,208
7/5/2020 6:00,3794.94,1,hoch,209
7/5/2020 7:00,3810.72,1,hoch,210
7/5/2020 8:00,3831.3,1,hoch,211
7/5/2020 9:00,3835.44,1,hoch,212
7/5/2020 10:00,3843.24,1,hoch,213
7/5/2020 11:00,3850.98,1,hoch,214
7/5/2020 12:00,3852.12,1,hoch,215
7/5/2020 13:00,3853.08,1,hoch,216
7/5/2020 14:00,3853.26,1,hoch,217
7/5/2020 15:00,3853.26,1,hoch,218
7/5/2020 16:00,3853.26,1,hoch,219
7/5/2020 17:00,3855.12,1,hoch,220
7/5/2020 18:00,3858.3,1,hoch,221
7/5/2020 19:00,3865.62,1,hoch,222
7/5/2020 20:00,3876.42,1,hoch,223
7/5/2020 21:00,3883.74,1,hoch,224
7/5/2020 22:00,3915.06,1,hoch,225
7/5/2020 23:00,3946.2,1,hoch,226
7/6/2020 0:00,3967.02,1,hoch,227
7/6/2020 1:00,3997.92,1,hoch,228
7/6/2020 2:00,4018.08,1,hoch,229
7/6/2020 3:00,4022.88,1,hoch,230
7/6/2020 4:00,4034.82,1,hoch,231
7/6/2020 5:00,4057.92,1,hoch,232
7/6/2020 6:00,4070.7,1,hoch,233
7/6/2020 7:00,4092.9,1,hoch,234
7/6/2020 8:00,4111.92,1,hoch,235
7/6/2020 9:00,4121.28,1,hoch,236
7/6/2020 10:00,4124.04,1,hoch,237
7/6/2020 11:00,4126.14,1,hoch,238
7/6/2020 12:00,4126.8,1,hoch,239
7/6/2020 13:00,4127.28,1,hoch,240
7/6/2020 14:00,4137.12,1,hoch,241
7/6/2020 15:00,4140.3,1,hoch,242
7/6/2020 16:00,4152.18,1,hoch,243
7/6/2020 17:00,4169.58,1,hoch,244
7/6/2020 18:00,4181.28,1,hoch,245
7/6/2020 19:00,4181.76,1,hoch,246
7/6/2020 20:00,4182.9,1,hoch,247
7/6/2020 21:00,4193.16,1,hoch,248
7/6/2020 22:00,4224.3,1,hoch,249
7/6/2020 23:00,4247.64,1,hoch,250
7/7/2020 0:00,4265.94,1,hoch,251
7/7/2020 1:00,4295.04,1,hoch,252
7/7/2020 2:00,4310.34,1,hoch,253
7/7/2020 3:00,4330.5,1,hoch,254
7/7/2020 4:00,4346.76,1,hoch,255
7/7/2020 5:00,4371.48,1,hoch,256
7/7/2020 6:00,4387.02,1,hoch,257
7/7/2020 7:00,4400.52,1,hoch,258
7/7/2020 8:00,4412.46,1,hoch,259
7/7/2020 9:00,4425.96,1,hoch,260
7/7/2020 10:00,4426.86,1,hoch,261
7/7/2020 11:00,4428.48,1,hoch,262
7/7/2020 12:00,4430.28,1,hoch,263
7/7/2020 13:00,4431,1,hoch,264
7/7/2020 14:00,4431.42,1,hoch,265
7/7/2020 15:00,4432.62,1,hoch,266
7/7/2020 16:00,4436.04,1,hoch,267
7/7/2020 17:00,4437.84,1,hoch,268
7/7/2020 18:00,4438.98,1,hoch,269
7/7/2020 19:00,4449.06,1,hoch,270
7/7/2020 20:00,4461.42,1,hoch,271
7/7/2020 21:00,4482.96,1,hoch,272
7/7/2020 22:00,4514.28,1,hoch,273
7/7/2020 23:00,4538.82,1,hoch,274
7/8/2020 0:00,4568.58,1,hoch,275
7/8/2020 1:00,4589.4,1,hoch,276
7/8/2020 2:00,4623.24,1,hoch,277
7/8/2020 3:00,4646.58,1,hoch,278
7/8/2020 4:00,4663.32,1,hoch,279
7/8/2020 5:00,4685.76,1,hoch,280
7/8/2020 6:00,4708.38,1,hoch,281
7/8/2020 7:00,4723.02,1,hoch,282
7/8/2020 8:00,4737.9,1,hoch,283
7/8/2020 9:00,4759.44,1,hoch,284
7/8/2020 10:00,4793.52,1,hoch,285
7/8/2020 11:00,4808.88,1,hoch,286
7/8/2020 12:00,4829.46,1,hoch,287
7/8/2020 13:00,4856.94,1,hoch,288
7/8/2020 14:00,4875,1,hoch,289
7/8/2020 15:00,4897.26,1,hoch,290
7/8/2020 16:00,4917.12,1,hoch,291
7/8/2020 17:00,4940.46,1,hoch,292
7/8/2020 18:00,4965.66,1,hoch,293
7/8/2020 19:00,4994.52,1,hoch,294
7/8/2020 20:00,5017.38,1,hoch,295
7/8/2020 21:00,5038.92,1,hoch,296
7/8/2020 22:00,5066.4,1,hoch,297
7/8/2020 23:00,5090.64,1,hoch,298
7/9/2020 0:00,5112.84,1,hoch,299
7/9/2020 1:00,5133.42,1,hoch,300
7/9/2020 2:00,5161.38,1,hoch,301
7/9/2020 3:00,5180.16,1,hoch,302
7/9/2020 4:00,5197.08,1,hoch,303
7/9/2020 5:00,5220.18,1,hoch,304
7/9/2020 6:00,5237.82,1,hoch,305
7/9/2020 7:00,5259.54,1,hoch,306
7/9/2020 8:00,5278.32,1,hoch,307
7/9/2020 9:00,5296.62,1,hoch,308
7/9/2020 10:00,5310.12,1,hoch,309
7/9/2020 11:00,5312.22,1,hoch,310
7/9/2020 12:00,5313.36,1,hoch,311
7/9/2020 13:00,5312.4,1,hoch,312
7/9/2020 14:00,5312.4,1,hoch,313
7/9/2020 15:00,5311.08,1,hoch,314
7/9/2020 16:00,5311.98,1,hoch,315
7/9/2020 17:00,5312.22,1,hoch,316
7/9/2020 18:00,5312.64,1,hoch,317
7/9/2020 19:00,5312.64,1,hoch,318
7/9/2020 20:00,5313.6,1,hoch,319
7/9/2020 21:00,5313.78,1,hoch,320
7/9/2020 22:00,5346.78,1,hoch,321
7/9/2020 23:00,5371.68,1,hoch,322
7/10/2020 0:00,5403.78,1,hoch,323
7/10/2020 1:00,5428.92,1,hoch,324
7/10/2020 2:00,5455.26,1,hoch,325
7/10/2020 3:00,5476.32,1,hoch,326
7/10/2020 4:00,5502.84,1,hoch,327
7/10/2020 5:00,5521.86,1,hoch,328
7/10/2020 6:00,5540.16,1,hoch,329
7/10/2020 7:00,5555.76,1,hoch,330
7/10/2020 8:00,5565.6,1,hoch,331
7/10/2020 9:00,5574.3,1,hoch,332
7/10/2020 10:00,5583.18,1,hoch,333
7/10/2020 11:00,5585.7,1,hoch,334
7/10/2020 12:00,5590.08,1,hoch,335
7/10/2020 13:00,5605.62,1,hoch,336
7/10/2020 14:00,5607.72,1,hoch,337
7/10/2020 15:00,5610.66,1,hoch,338
7/10/2020 16:00,5620.5,1,hoch,339
7/10/2020 17:00,5651.4,1,hoch,340
7/10/2020 18:00,5658.72,1,hoch,341
7/10/2020 19:00,5678.64,1,hoch,342
7/10/2020 20:00,5680.68,1,hoch,343
7/10/2020 21:00,5696.28,1,hoch,344
7/10/2020 22:00,5730.12,1,hoch,345
7/10/2020 23:00,5749.14,1,hoch,346
7/11/2020 0:00,5765.64,1,hoch,347
7/11/2020 1:00,5790.12,1,hoch,348
7/11/2020 2:00,5805.9,1,hoch,349
7/11/2020 3:00,5818.74,1,hoch,350
7/11/2020 4:00,5837.94,1,hoch,351
7/11/2020 5:00,5856.24,1,hoch,352
7/11/2020 6:00,5876.16,1,hoch,353
7/11/2020 7:00,5891.94,1,hoch,354
7/11/2020 8:00,5903.4,1,hoch,355
7/11/2020 9:00,5912.58,1,hoch,356
7/11/2020 10:00,5918.52,1,hoch,357
7/11/2020 11:00,5920.14,1,hoch,358
7/11/2020 12:00,5921.28,1,hoch,359
7/11/2020 13:00,5922.66,1,hoch,360
7/11/2020 14:00,5923.8,1,hoch,361
7/11/2020 15:00,5928.12,1,hoch,362
7/11/2020 16:00,5937.96,1,hoch,363
7/11/2020 17:00,5942.52,1,hoch,364
7/11/2020 18:00,5945.04,1,hoch,365
7/11/2020 19:00,5948.28,1,hoch,366
7/11/2020 20:00,5950.08,1,hoch,367
7/11/2020 21:00,5965.2,1,hoch,368
7/11/2020 22:00,6005.94,1,hoch,369
7/11/2020 23:00,6027.48,1,hoch,370
7/12/2020 0:00,6055.38,1,hoch,371
7/12/2020 1:00,6075.06,1,hoch,372
7/12/2020 2:00,6100.02,1,hoch,373
7/12/2020 3:00,6116.52,1,hoch,374
7/12/2020 4:00,6137.58,1,hoch,375
7/12/2020 5:00,6154.74,1,hoch,376
7/12/2020 6:00,6175.08,1,hoch,377
7/12/2020 7:00,6191.58,1,hoch,378
7/12/2020 8:00,6209.46,1,hoch,379
7/12/2020 9:00,6219.96,1,hoch,380
7/12/2020 10:00,6224.52,1,hoch,381
7/12/2020 11:00,6234.84,1,hoch,382
7/12/2020 12:00,6241.5,1,hoch,383
7/12/2020 13:00,6241.68,1,hoch,384
7/12/2020 14:00,6242.4,1,hoch,385
7/12/2020 15:00,6253.14,1,hoch,386
7/12/2020 16:00,6260.46,1,hoch,387
7/12/2020 17:00,6263.22,1,hoch,388
7/12/2020 18:00,6262.74,1,hoch,389
7/12/2020 19:00,6264.84,1,hoch,390
7/12/2020 20:00,6265.26,1,hoch,391
7/12/2020 21:00,6266.22,1,hoch,392
7/12/2020 22:00,6278.34,1,hoch,393
7/12/2020 23:00,6308.76,1,hoch,394
7/13/2020 0:00,6333.72,1,hoch,395
7/13/2020 1:00,6357.54,1,hoch,396
7/13/2020 2:00,6384.54,1,hoch,397
7/13/2020 3:00,6406.5,1,hoch,398
7/13/2020 4:00,6425.52,1,hoch,399
7/13/2020 5:00,6445.62,1,hoch,400
7/13/2020 6:00,6464.64,1,hoch,401
7/13/2020 7:00,6484.56,1,hoch,402
7/13/2020 8:00,6502.62,1,hoch,403
7/13/2020 9:00,6526.68,1,hoch,404
7/13/2020 10:00,6528.06,1,hoch,405
7/13/2020 11:00,6531.9,1,hoch,406
7/13/2020 12:00,6538.08,1,hoch,407
7/13/2020 13:00,6538.56,1,hoch,408
7/13/2020 14:00,6537.66,1,hoch,409
7/13/2020 15:00,6541.56,1,hoch,410
7/13/2020 16:00,6545.64,1,hoch,411
7/13/2020 17:00,6550.44,1,hoch,412
7/13/2020 18:00,6552.54,1,hoch,413
7/13/2020 19:00,6552.3,1,hoch,414
7/13/2020 20:00,6552.96,1,hoch,415
7/13/2020 21:00,6554.16,1,hoch,416
7/13/2020 22:00,6568.98,1,hoch,417
7/13/2020 23:00,6580.2,1,hoch,418
7/14/2020 0:00,6614.58,1,hoch,419
7/14/2020 1:00,6641.82,1,hoch,420
7/14/2020 2:00,6671.34,1,hoch,421
7/14/2020 3:00,6689.16,1,hoch,422
7/14/2020 4:00,6704.94,1,hoch,423
7/14/2020 5:00,6726,1,hoch,424
7/14/2020 6:00,6746.16,1,hoch,425
7/14/2020 7:00,6759.66,1,hoch,426
7/14/2020 8:00,6773.88,1,hoch,427
7/14/2020 9:00,6788.76,1,hoch,428
7/14/2020 10:00,6795.12,1,hoch,429
7/14/2020 11:00,6799.02,1,hoch,430
7/14/2020 12:00,6813.9,1,hoch,431
7/14/2020 13:00,6813.24,1,hoch,432
7/14/2020 14:00,6824.46,1,hoch,433
7/14/2020 15:00,6824.46,1,hoch,434
7/14/2020 16:00,6825.6,1,hoch,435
7/14/2020 17:00,6827.22,1,hoch,436
7/14/2020 18:00,6827.4,1,hoch,437
7/14/2020 19:00,6858.3,1,hoch,438
7/14/2020 20:00,6883.02,1,hoch,439
7/14/2020 21:00,6915.54,1,hoch,440
7/14/2020 22:00,6950.34,1,hoch,441
7/14/2020 23:00,6975.48,1,hoch,442
7/15/2020 0:00,6998.4,1,hoch,443
7/15/2020 1:00,7023.6,1,hoch,444
7/15/2020 2:00,7049.88,1,hoch,445
7/15/2020 3:00,7080.78,1,hoch,446
7/15/2020 4:00,7097.76,1,hoch,447
7/15/2020 5:00,7115.1,1,hoch,448
7/15/2020 6:00,7134.12,1,hoch,449
7/15/2020 7:00,7152.18,1,hoch,450
7/15/2020 8:00,7169.16,1,hoch,451
7/15/2020 9:00,7177.38,1,hoch,452
7/15/2020 10:00,7182.9,1,hoch,453
7/15/2020 11:00,7186.8,1,hoch,454
7/15/2020 12:00,7192.5,1,hoch,455
7/15/2020 13:00,7194.78,1,hoch,456
7/15/2020 14:00,7197.78,1,hoch,457
7/15/2020 15:00,7199.34,1,hoch,458
7/15/2020 16:00,7203.48,1,hoch,459
7/15/2020 17:00,7210.56,1,hoch,460
7/15/2020 18:00,7219.98,1,hoch,461
7/15/2020 19:00,7228.86,1,hoch,462
7/15/2020 20:00,7242.18,1,hoch,463
7/15/2020 21:00,7270.56,1,hoch,464
7/15/2020 22:00,7297.56,1,hoch,465
7/15/2020 23:00,7324.8,1,hoch,466
7/16/2020 0:00,7346.1,1,hoch,467
7/16/2020 1:00,7368.06,1,hoch,468
7/16/2020 2:00,7390.68,1,hoch,469
7/16/2020 3:00,7420.26,1,hoch,470
7/16/2020 4:00,7449.06,1,hoch,471
7/16/2020 5:00,7479.96,1,hoch,472
7/16/2020 6:00,7504.68,1,hoch,473
7/16/2020 7:00,7525.74,1,hoch,474
7/16/2020 8:00,7553.88,1,hoch,475
7/16/2020 9:00,7580.94,1,hoch,476
7/16/2020 10:00,7603.56,1,hoch,477
7/16/2020 11:00,7623.48,1,hoch,478
7/16/2020 12:00,7650.24,1,hoch,479
7/16/2020 13:00,7668.78,1,hoch,480
7/16/2020 14:00,7689.84,1,hoch,481
7/16/2020 15:00,7712.28,1,hoch,482
7/16/2020 16:00,7730.82,1,hoch,483
7/16/2020 17:00,7746.42,1,hoch,484
7/16/2020 18:00,7762.62,1,hoch,485
7/16/2020 19:00,7774.98,1,hoch,486
7/16/2020 20:00,7796.04,1,hoch,487
7/16/2020 21:00,7824.24,1,hoch,488
7/16/2020 22:00,7840.02,1,hoch,489
7/16/2020 23:00,7857.42,1,hoch,490
7/17/2020 0:00,7878.48,1,hoch,491
7/17/2020 1:00,7893.54,1,hoch,492
7/17/2020 2:00,7917.6,1,hoch,493
7/17/2020 3:00,7932.96,1,hoch,494
7/17/2020 4:00,7949.16,1,hoch,495
7/17/2020 5:00,7969.08,1,hoch,496
7/17/2020 6:00,7982.4,1,hoch,497
7/17/2020 7:00,7997.7,1,hoch,498
7/17/2020 8:00,8012.16,1,hoch,499
7/17/2020 9:00,8024.04,1,hoch,500
7/17/2020 10:00,8040.06,1,hoch,501
7/17/2020 11:00,8046.48,1,hoch,502
7/17/2020 12:00,8048.76,1,hoch,503
7/17/2020 13:00,8145.78,1,hoch,504
7/17/2020 14:00,8145.12,1,hoch,505
7/17/2020 15:00,8146.92,1,hoch,506
7/17/2020 16:00,8148.3,1,hoch,507
7/17/2020 17:00,8148.78,1,hoch,508
7/17/2020 18:00,8149.68,1,hoch,509
7/17/2020 19:00,8150.4,1,hoch,510
7/17/2020 20:00,8151.06,1,hoch,511
7/17/2020 21:00,8158.38,1,hoch,512
7/17/2020 22:00,8183.82,1,hoch,513
7/17/2020 23:00,8198.46,1,hoch,514
7/18/2020 0:00,8212.38,1,hoch,515
7/18/2020 1:00,8234.4,1,hoch,516
7/18/2020 2:00,8262.96,1,hoch,517
7/18/2020 3:00,8278.8,1,hoch,518
7/18/2020 4:00,8297.1,1,hoch,519
7/18/2020 5:00,8313.78,1,hoch,520
7/18/2020 6:00,8335.32,1,hoch,521
7/18/2020 7:00,8355.9,1,hoch,522
7/18/2020 8:00,8378.1,1,hoch,523
7/18/2020 9:00,8390.04,1,hoch,524
7/18/2020 10:00,8401.92,1,hoch,525
7/18/2020 11:00,8406.72,1,hoch,526
7/18/2020 12:00,8412.24,1,hoch,527
7/18/2020 13:00,8414.52,1,hoch,528
7/18/2020 14:00,8415.18,1,hoch,529
7/18/2020 15:00,8422.32,1,hoch,530
7/18/2020 16:00,8431.2,1,hoch,531
7/18/2020 17:00,8432.34,1,hoch,532
7/18/2020 18:00,8433.96,1,hoch,533
7/18/2020 19:00,8445.42,1,hoch,534
7/18/2020 20:00,8454.36,1,hoch,535
7/18/2020 21:00,8474.28,1,hoch,536
7/18/2020 22:00,8517.72,1,hoch,537
7/18/2020 23:00,8541.3,1,hoch,538
7/19/2020 0:00,8560.98,1,hoch,539
7/19/2020 1:00,8602.86,1,hoch,540
7/19/2020 2:00,8620.08,1,hoch,541
7/19/2020 3:00,8643.42,1,hoch,542
7/19/2020 4:00,8669.94,1,hoch,543
7/19/2020 5:00,8692.38,1,hoch,544
7/19/2020 6:00,8712.06,1,hoch,545
7/19/2020 7:00,8728.8,1,hoch,546
7/19/2020 8:00,8744.34,1,hoch,547
7/19/2020 9:00,8757.84,1,hoch,548
7/19/2020 10:00,8762.88,1,hoch,549
7/19/2020 11:00,8763.54,1,hoch,550
7/19/2020 12:00,8768.58,1,hoch,551
7/19/2020 13:00,8769.06,1,hoch,552
7/19/2020 14:00,8768.82,1,hoch,553
7/19/2020 15:00,8768.58,1,hoch,554
7/19/2020 16:00,8773.38,1,hoch,555
7/19/2020 17:00,8789.88,1,hoch,556
7/19/2020 18:00,8791.5,1,hoch,557
7/19/2020 19:00,8796.3,1,hoch,558
7/19/2020 20:00,8801.58,1,hoch,559
7/19/2020 21:00,8803.86,1,hoch,560
7/19/2020 22:00,8813.46,1,hoch,561
7/19/2020 23:00,8824.2,1,hoch,562
7/20/2020 0:00,8866.08,1,hoch,563
7/20/2020 1:00,8893.8,1,hoch,564
7/20/2020 2:00,8925.18,1,hoch,565
7/20/2020 3:00,8959.02,1,hoch,566
7/20/2020 4:00,8978.04,1,hoch,567
7/20/2020 5:00,9004.14,1,hoch,568
7/20/2020 6:00,9031.8,1,hoch,569
7/20/2020 7:00,9060.42,1,hoch,570
7/20/2020 8:00,9078.3,1,hoch,571
7/20/2020 9:00,9090.66,1,hoch,572
7/20/2020 10:00,9114.24,1,hoch,573
7/20/2020 11:00,9173.28,1,hoch,574
7/20/2020 12:00,9178.08,1,hoch,575
7/20/2020 13:00,9178.74,1,hoch,576
7/20/2020 14:00,9179.88,1,hoch,577
7/20/2020 15:00,9181.02,1,hoch,578
7/20/2020 16:00,9185.4,1,hoch,579
7/20/2020 17:00,9203.7,1,hoch,580
7/20/2020 18:00,9220.86,1,hoch,581
7/20/2020 19:00,9227.28,1,hoch,582
7/20/2020 20:00,9229.32,1,hoch,583
7/20/2020 21:00,9230.46,1,hoch,584
7/20/2020 22:00,9239.4,1,hoch,585
7/20/2020 23:00,9268.02,1,hoch,586
7/21/2020 0:00,9281.28,1,hoch,587
7/21/2020 1:00,9302.58,1,hoch,588
7/21/2020 2:00,9325.26,1,hoch,589
7/21/2020 3:00,9340.14,1,hoch,590
7/21/2020 4:00,9367.14,1,hoch,591
7/21/2020 5:00,9386.1,1,hoch,592
7/21/2020 6:00,9399.66,1,hoch,593
7/21/2020 7:00,9416.82,1,hoch,594
7/21/2020 8:00,9433.26,1,hoch,595
7/21/2020 9:00,9449.52,1,hoch,596
7/21/2020 10:00,9459.6,1,hoch,597
7/21/2020 11:00,9475.62,1,hoch,598
7/21/2020 12:00,9483.66,1,hoch,599
7/21/2020 13:00,9486.36,1,hoch,600
7/21/2020 14:00,9489.6,1,hoch,601
7/21/2020 15:00,9505.38,1,hoch,602
7/21/2020 16:00,9527.82,1,hoch,603
7/21/2020 17:00,9532.38,1,hoch,604
7/21/2020 18:00,9536.28,1,hoch,605
7/21/2020 19:00,9538.56,1,hoch,606
7/21/2020 20:00,9540.18,1,hoch,607
7/21/2020 21:00,9542.46,1,hoch,608
7/21/2020 22:00,9558.96,1,hoch,609
7/21/2020 23:00,9579.54,1,hoch,610
7/22/2020 0:00,9610.2,1,hoch,611
7/22/2020 1:00,9630.78,1,hoch,612
7/22/2020 2:00,9658.98,1,hoch,613
7/22/2020 3:00,9685.74,1,hoch,614
7/22/2020 4:00,9705.66,1,hoch,615
7/22/2020 5:00,9728.52,1,hoch,616
7/22/2020 6:00,9751.44,1,hoch,617
7/22/2020 7:00,9767.22,1,hoch,618
7/22/2020 8:00,9785.52,1,hoch,619
7/22/2020 9:00,9806.82,1,hoch,620
7/22/2020 10:00,9815.52,1,hoch,621
7/22/2020 11:00,9823.74,1,hoch,622
7/22/2020 12:00,9838.38,1,hoch,623
7/22/2020 13:00,9842.04,1,hoch,624
7/22/2020 14:00,9844.38,1,hoch,625
7/22/2020 15:00,9859.68,1,hoch,626
7/22/2020 16:00,9879.6,1,hoch,627
6/26/2020 14:00,3984.9,2,hoch,1
6/26/2020 15:00,3982.38,2,hoch,2
6/26/2020 16:00,3981.24,2,hoch,3
6/26/2020 17:00,3979.62,2,hoch,4
6/26/2020 18:00,3979.2,2,hoch,5
6/26/2020 19:00,3938.4,2,hoch,6
6/26/2020 20:00,3936.6,2,hoch,7
6/26/2020 21:00,3936.84,2,hoch,8
6/26/2020 22:00,3938.64,2,hoch,9
6/26/2020 23:00,3951.24,2,hoch,10
6/27/2020 0:00,3970.92,2,hoch,11
6/27/2020 1:00,4000.2,2,hoch,12
6/27/2020 2:00,4015.56,2,hoch,13
6/27/2020 3:00,4035.72,2,hoch,14
6/27/2020 4:00,4059.3,2,hoch,15
6/27/2020 5:00,4073.94,2,hoch,16
6/27/2020 6:00,4095.24,2,hoch,17
6/27/2020 7:00,4125.18,2,hoch,18
6/27/2020 8:00,4146.24,2,hoch,19
6/27/2020 9:00,4146.48,2,hoch,20
6/27/2020 10:00,4146.48,2,hoch,21
6/27/2020 11:00,4148.76,2,hoch,22
6/27/2020 12:00,4151.52,2,hoch,23
6/27/2020 13:00,4158.6,2,hoch,24
6/27/2020 14:00,4165.02,2,hoch,25
6/27/2020 15:00,4170.54,2,hoch,26
6/27/2020 16:00,4170.06,2,hoch,27
6/27/2020 17:00,4166.88,2,hoch,28
6/27/2020 18:00,4166.64,2,hoch,29
6/27/2020 19:00,4178.1,2,hoch,30
6/27/2020 20:00,4179,2,hoch,31
6/27/2020 21:00,4191.36,2,hoch,32
6/27/2020 22:00,4203.96,2,hoch,33
6/27/2020 23:00,4228.86,2,hoch,34
6/28/2020 0:00,4252.68,2,hoch,35
6/28/2020 1:00,4274.64,2,hoch,36
6/28/2020 2:00,4300.98,2,hoch,37
6/28/2020 3:00,4337.4,2,hoch,38
6/28/2020 4:00,4363.26,2,hoch,39
6/28/2020 5:00,4380.66,2,hoch,40
6/28/2020 6:00,4394.16,2,hoch,41
6/28/2020 7:00,4414.98,2,hoch,42
6/28/2020 8:00,4430.1,2,hoch,43
6/28/2020 9:00,4447.5,2,hoch,44
6/28/2020 10:00,4465.08,2,hoch,45
6/28/2020 11:00,4480.68,2,hoch,46
6/28/2020 12:00,4479.96,2,hoch,47
6/28/2020 13:00,4479.96,2,hoch,48
6/28/2020 14:00,4480.2,2,hoch,49
6/28/2020 15:00,4486.38,2,hoch,50
6/28/2020 16:00,4499.64,2,hoch,51
6/28/2020 17:00,4497.12,2,hoch,52
6/28/2020 18:00,4496.46,2,hoch,53
6/28/2020 19:00,4495.56,2,hoch,54
6/28/2020 20:00,4495.56,2,hoch,55
6/28/2020 21:00,4495.74,2,hoch,56
6/28/2020 22:00,4501.26,2,hoch,57
6/28/2020 23:00,4511.1,2,hoch,58
6/29/2020 0:00,4531.68,2,hoch,59
6/29/2020 1:00,4559.64,2,hoch,60
6/29/2020 2:00,4580.22,2,hoch,61
6/29/2020 3:00,4591.92,2,hoch,62
6/29/2020 4:00,4614.3,2,hoch,63
6/29/2020 5:00,4631.52,2,hoch,64
6/29/2020 6:00,4642.26,2,hoch,65
6/29/2020 7:00,4657.14,2,hoch,66
6/29/2020 8:00,4708.38,2,hoch,67
6/29/2020 9:00,4728.3,2,hoch,68
6/29/2020 10:00,4770.42,2,hoch,69
6/29/2020 11:00,4770.66,2,hoch,70
6/29/2020 12:00,4770,2,hoch,71
6/29/2020 13:00,4768.8,2,hoch,72
6/29/2020 14:00,4768.38,2,hoch,73
6/29/2020 15:00,4766.52,2,hoch,74
6/29/2020 16:00,4765.62,2,hoch,75
6/29/2020 17:00,4764.72,2,hoch,76
6/29/2020 18:00,4762.2,2,hoch,77
6/29/2020 19:00,4758.96,2,hoch,78
6/29/2020 20:00,4758.78,2,hoch,79
6/29/2020 21:00,4759.2,2,hoch,80
6/29/2020 22:00,4759.92,2,hoch,81
6/29/2020 23:00,4760.34,2,hoch,82
6/30/2020 0:00,4770.9,2,hoch,83
6/30/2020 1:00,4792.38,2,hoch,84
6/30/2020 2:00,4810.74,2,hoch,85
6/30/2020 3:00,4825.56,2,hoch,86
6/30/2020 4:00,4839.3,2,hoch,87
6/30/2020 5:00,4855.56,2,hoch,88
6/30/2020 6:00,4877.52,2,hoch,89
6/30/2020 7:00,4888.32,2,hoch,90
6/30/2020 8:00,4901.58,2,hoch,91
6/30/2020 9:00,4906.38,2,hoch,92
6/30/2020 10:00,4907.1,2,hoch,93
6/30/2020 11:00,4906.86,2,hoch,94
6/30/2020 12:00,4906.62,2,hoch,95
6/30/2020 13:00,4906.86,2,hoch,96
6/30/2020 14:00,4905.48,2,hoch,97
6/30/2020 15:00,4905.72,2,hoch,98
6/30/2020 16:00,4905.48,2,hoch,99
6/30/2020 17:00,4905.72,2,hoch,100
6/30/2020 18:00,4905.72,2,hoch,101
6/30/2020 19:00,4919.88,2,hoch,102
6/30/2020 20:00,4951.5,2,hoch,103
6/30/2020 21:00,4981.92,2,hoch,104
6/30/2020 22:00,5005.74,2,hoch,105
6/30/2020 23:00,5035.02,2,hoch,106
7/1/2020 0:00,5062.92,2,hoch,107
7/1/2020 1:00,5082.18,2,hoch,108
7/1/2020 2:00,5113.5,2,hoch,109
7/1/2020 3:00,5143.26,2,hoch,110
7/1/2020 4:00,5150.4,2,hoch,111
7/1/2020 5:00,5174.4,2,hoch,112
7/1/2020 6:00,5192.28,2,hoch,113
7/1/2020 7:00,5212.2,2,hoch,114
7/1/2020 8:00,5227.5,2,hoch,115
7/1/2020 9:00,5246.04,2,hoch,116
7/1/2020 10:00,5246.76,2,hoch,117
7/1/2020 11:00,5260.92,2,hoch,118
7/1/2020 12:00,5269.86,2,hoch,119
7/1/2020 13:00,5269.86,2,hoch,120
7/1/2020 14:00,5328.48,2,hoch,121
7/1/2020 15:00,5328.9,2,hoch,122
7/1/2020 16:00,5328.9,2,hoch,123
7/1/2020 17:00,5329.14,2,hoch,124
7/1/2020 18:00,5329.8,2,hoch,125
7/1/2020 19:00,5349.48,2,hoch,126
7/1/2020 20:00,5356.86,2,hoch,127
7/1/2020 21:00,5381.1,2,hoch,128
7/1/2020 22:00,5408.58,2,hoch,129
7/1/2020 23:00,5423.88,2,hoch,130
7/2/2020 0:00,5449.56,2,hoch,131
7/2/2020 1:00,5472.66,2,hoch,132
7/2/2020 2:00,5495.28,2,hoch,133
7/2/2020 3:00,5508.36,2,hoch,134
7/2/2020 4:00,5524.86,2,hoch,135
7/2/2020 5:00,5545.44,2,hoch,136
7/2/2020 6:00,5564.46,2,hoch,137
7/2/2020 7:00,5580.48,2,hoch,138
7/2/2020 8:00,5590.5,2,hoch,139
7/2/2020 9:00,5599.44,2,hoch,140
7/2/2020 10:00,5600.16,2,hoch,141
7/2/2020 11:00,5638.62,2,hoch,142
7/2/2020 12:00,5647.26,2,hoch,143
7/2/2020 13:00,5674.32,2,hoch,144
7/2/2020 14:00,5674.5,2,hoch,145
7/2/2020 15:00,5675.22,2,hoch,146
7/2/2020 16:00,5677.26,2,hoch,147
7/2/2020 17:00,5692.62,2,hoch,148
7/2/2020 18:00,5721.9,2,hoch,149
7/2/2020 19:00,5722.38,2,hoch,150
7/2/2020 20:00,5731.74,2,hoch,151
7/2/2020 21:00,5756.7,2,hoch,152
7/2/2020 22:00,5771.34,2,hoch,153
7/2/2020 23:00,5783.22,2,hoch,154
7/3/2020 0:00,5798.34,2,hoch,155
7/3/2020 1:00,5822.16,2,hoch,156
7/3/2020 2:00,5849.16,2,hoch,157
7/3/2020 3:00,5866.08,2,hoch,158
7/3/2020 4:00,5883.96,2,hoch,159
7/3/2020 5:00,5903.16,2,hoch,160
7/3/2020 6:00,5918.52,2,hoch,161
7/3/2020 7:00,5933.88,2,hoch,162
7/3/2020 8:00,5938.2,2,hoch,163
7/3/2020 9:00,5938.2,2,hoch,164
7/3/2020 10:00,5950.08,2,hoch,165
7/3/2020 11:00,5959.02,2,hoch,166
7/3/2020 12:00,5971.62,2,hoch,167
7/3/2020 13:00,5971.38,2,hoch,168
7/3/2020 14:00,5970.96,2,hoch,169
7/3/2020 15:00,5971.62,2,hoch,170
7/3/2020 16:00,5972.28,2,hoch,171
7/3/2020 17:00,5972.52,2,hoch,172
7/3/2020 18:00,5972.28,2,hoch,173
7/3/2020 19:00,5973,2,hoch,174
7/3/2020 20:00,5974.38,2,hoch,175
7/3/2020 21:00,5995.68,2,hoch,176
7/3/2020 22:00,6019.44,2,hoch,177
7/3/2020 23:00,6038.7,2,hoch,178
7/4/2020 0:00,6055.14,2,hoch,179
7/4/2020 1:00,6094.08,2,hoch,180
7/4/2020 2:00,6112.14,2,hoch,181
7/4/2020 3:00,6134.34,2,hoch,182
7/4/2020 4:00,6152.88,2,hoch,183
7/4/2020 5:00,6171,2,hoch,184
7/4/2020 6:00,6191.1,2,hoch,185
7/4/2020 7:00,6213.54,2,hoch,186
7/4/2020 8:00,6225.48,2,hoch,187
7/4/2020 9:00,6225.9,2,hoch,188
7/4/2020 10:00,6236.88,2,hoch,189
7/4/2020 11:00,6236.64,2,hoch,190
7/4/2020 12:00,6237.12,2,hoch,191
7/4/2020 13:00,6237.12,2,hoch,192
7/4/2020 14:00,6237.36,2,hoch,193
7/4/2020 15:00,6237.36,2,hoch,194
7/4/2020 16:00,6239.16,2,hoch,195
7/4/2020 17:00,6239.4,2,hoch,196
7/4/2020 18:00,6240.78,2,hoch,197
7/4/2020 19:00,6243.06,2,hoch,198
7/4/2020 20:00,6251.52,2,hoch,199
7/4/2020 21:00,6295.26,2,hoch,200
7/4/2020 22:00,6319.5,2,hoch,201
7/4/2020 23:00,6354.06,2,hoch,202
7/5/2020 0:00,6362.58,2,hoch,203
7/5/2020 1:00,6382.26,2,hoch,204
7/5/2020 2:00,6408.54,2,hoch,205
7/5/2020 3:00,6432.12,2,hoch,206
7/5/2020 4:00,6462.6,2,hoch,207
7/5/2020 5:00,6472.44,2,hoch,208
7/5/2020 6:00,6500.1,2,hoch,209
7/5/2020 7:00,6517.08,2,hoch,210
7/5/2020 8:00,6536.76,2,hoch,211
7/5/2020 9:00,6536.94,2,hoch,212
7/5/2020 10:00,6547.26,2,hoch,213
7/5/2020 11:00,6547.98,2,hoch,214
7/5/2020 12:00,6566.94,2,hoch,215
7/5/2020 13:00,6566.7,2,hoch,216
7/5/2020 14:00,6566.52,2,hoch,217
7/5/2020 15:00,6566.52,2,hoch,218
7/5/2020 16:00,6566.52,2,hoch,219
7/5/2020 17:00,6566.7,2,hoch,220
7/5/2020 18:00,6566.7,2,hoch,221
7/5/2020 19:00,6568.8,2,hoch,222
7/5/2020 20:00,6580.92,2,hoch,223
7/5/2020 21:00,6601.08,2,hoch,224
7/5/2020 22:00,6601.08,2,hoch,225
7/5/2020 23:00,6648.9,2,hoch,226
7/6/2020 0:00,6664.68,2,hoch,227
7/6/2020 1:00,6694.44,2,hoch,228
7/6/2020 2:00,6748.44,2,hoch,229
7/6/2020 3:00,6748.44,2,hoch,230
7/6/2020 4:00,6748.44,2,hoch,231
7/6/2020 5:00,6748.68,2,hoch,232
7/6/2020 6:00,6752.82,2,hoch,233
7/6/2020 7:00,6785.52,2,hoch,234
7/6/2020 8:00,6808.44,2,hoch,235
7/6/2020 9:00,6809.58,2,hoch,236
7/6/2020 10:00,6811.14,2,hoch,237
7/6/2020 11:00,6812.1,2,hoch,238
7/6/2020 12:00,6812.34,2,hoch,239
7/6/2020 13:00,6812.34,2,hoch,240
7/6/2020 14:00,6842.76,2,hoch,241
7/6/2020 15:00,6843.42,2,hoch,242
7/6/2020 16:00,6862.92,2,hoch,243
7/6/2020 17:00,6864.3,2,hoch,244
7/6/2020 18:00,6883.5,2,hoch,245
7/6/2020 19:00,6883.74,2,hoch,246
7/6/2020 20:00,6884.64,2,hoch,247
7/6/2020 21:00,6885.54,2,hoch,248
7/6/2020 22:00,6907.08,2,hoch,249
7/6/2020 23:00,6916.2,2,hoch,250
7/7/2020 0:00,6945.06,2,hoch,251
7/7/2020 1:00,6964.74,2,hoch,252
7/7/2020 2:00,6965.22,2,hoch,253
7/7/2020 3:00,6983.52,2,hoch,254
7/7/2020 4:00,7024.92,2,hoch,255
7/7/2020 5:00,7024.92,2,hoch,256
7/7/2020 6:00,7057.68,2,hoch,257
7/7/2020 7:00,7058.58,2,hoch,258
7/7/2020 8:00,7060.68,2,hoch,259
7/7/2020 9:00,7061.82,2,hoch,260
7/7/2020 10:00,7063.38,2,hoch,261
7/7/2020 11:00,7064.52,2,hoch,262
7/7/2020 12:00,7066.14,2,hoch,263
7/7/2020 13:00,7066.62,2,hoch,264
7/7/2020 14:00,7066.86,2,hoch,265
7/7/2020 15:00,7067.76,2,hoch,266
7/7/2020 16:00,7070.7,2,hoch,267
7/7/2020 17:00,7072.08,2,hoch,268
7/7/2020 18:00,7073.04,2,hoch,269
7/7/2020 19:00,7096.14,2,hoch,270
7/7/2020 20:00,7118.34,2,hoch,271
7/7/2020 21:00,7118.82,2,hoch,272
7/7/2020 22:00,7149.9,2,hoch,273
7/7/2020 23:00,7179.24,2,hoch,274
7/8/2020 0:00,7186.8,2,hoch,275
7/8/2020 1:00,7223.4,2,hoch,276
7/8/2020 2:00,7246.98,2,hoch,277
7/8/2020 3:00,7262.76,2,hoch,278
7/8/2020 4:00,7295.04,2,hoch,279
7/8/2020 5:00,7303.26,2,hoch,280
7/8/2020 6:00,7303.74,2,hoch,281
7/8/2020 7:00,7357.26,2,hoch,282
7/8/2020 8:00,7370.58,2,hoch,283
7/8/2020 9:00,7417.92,2,hoch,284
7/8/2020 10:00,7473.54,2,hoch,285
7/8/2020 11:00,7474.02,2,hoch,286
7/8/2020 12:00,7474.92,2,hoch,287
7/8/2020 13:00,7476.78,2,hoch,288
7/8/2020 14:00,7479.06,2,hoch,289
7/8/2020 15:00,7534.2,2,hoch,290
7/8/2020 16:00,7534.68,2,hoch,291
7/8/2020 17:00,7535.58,2,hoch,292
7/8/2020 18:00,7596.96,2,hoch,293
7/8/2020 19:00,7597.86,2,hoch,294
7/8/2020 20:00,7639.74,2,hoch,295
7/8/2020 21:00,7639.98,2,hoch,296
7/8/2020 22:00,7686.9,2,hoch,297
7/8/2020 23:00,7688.94,2,hoch,298
7/9/2020 0:00,7722.84,2,hoch,299
7/9/2020 1:00,7723.26,2,hoch,300
7/9/2020 2:00,7723.98,2,hoch,301
7/9/2020 3:00,7799.28,2,hoch,302
7/9/2020 4:00,7799.7,2,hoch,303
7/9/2020 5:00,7800.42,2,hoch,304
7/9/2020 6:00,7802.7,2,hoch,305
7/9/2020 7:00,7805.46,2,hoch,306
7/9/2020 8:00,7879.86,2,hoch,307
7/9/2020 9:00,7880.04,2,hoch,308
7/9/2020 10:00,7880.76,2,hoch,309
7/9/2020 11:00,7880.76,2,hoch,310
7/9/2020 12:00,7881.18,2,hoch,311
7/9/2020 13:00,7881.42,2,hoch,312
7/9/2020 14:00,7881.42,2,hoch,313
7/9/2020 15:00,7881.42,2,hoch,314
7/9/2020 16:00,7881.42,2,hoch,315
7/9/2020 17:00,7881.42,2,hoch,316
7/9/2020 18:00,7881.42,2,hoch,317
7/9/2020 19:00,7881.42,2,hoch,318
7/9/2020 20:00,7881.42,2,hoch,319
7/9/2020 21:00,7881.42,2,hoch,320
7/9/2020 22:00,7882.14,2,hoch,321
7/9/2020 23:00,7883.52,2,hoch,322
7/10/2020 0:00,7885.8,2,hoch,323
7/10/2020 1:00,7985.58,2,hoch,324
7/10/2020 2:00,7986.06,2,hoch,325
7/10/2020 3:00,7986.48,2,hoch,326
7/10/2020 4:00,8076,2,hoch,327
7/10/2020 5:00,8076.42,2,hoch,328
7/10/2020 6:00,8076.42,2,hoch,329
7/10/2020 7:00,8077.14,2,hoch,330
7/10/2020 8:00,8077.38,2,hoch,331
7/10/2020 9:00,8077.38,2,hoch,332
7/10/2020 10:00,8077.62,2,hoch,333
7/10/2020 11:00,8077.8,2,hoch,334
7/10/2020 12:00,8078.52,2,hoch,335
7/10/2020 13:00,8078.52,2,hoch,336
7/10/2020 14:00,8079.9,2,hoch,337
7/10/2020 15:00,8081.28,2,hoch,338
7/10/2020 16:00,8082.18,2,hoch,339
7/10/2020 17:00,8182.86,2,hoch,340
7/10/2020 18:00,8292.72,2,hoch,341
7/10/2020 19:00,8306.94,2,hoch,342
7/10/2020 20:00,8317.44,2,hoch,343
7/10/2020 21:00,8317.44,2,hoch,344
7/10/2020 22:00,8330.94,2,hoch,345
7/10/2020 23:00,8345.82,2,hoch,346
7/11/2020 0:00,8370.54,2,hoch,347
7/11/2020 1:00,8392.98,2,hoch,348
7/11/2020 2:00,8412.66,2,hoch,349
7/11/2020 3:00,8431.92,2,hoch,350
7/11/2020 4:00,8450.46,2,hoch,351
7/11/2020 5:00,8471.94,2,hoch,352
7/11/2020 6:00,8490.72,2,hoch,353
7/11/2020 7:00,8509.02,2,hoch,354
7/11/2020 8:00,8516.16,2,hoch,355
7/11/2020 9:00,8523,2,hoch,356
7/11/2020 10:00,8528.04,2,hoch,357
7/11/2020 11:00,8529.18,2,hoch,358
7/11/2020 12:00,8538.36,2,hoch,359
7/11/2020 13:00,8539.5,2,hoch,360
7/11/2020 14:00,8561.46,2,hoch,361
7/11/2020 15:00,8563.5,2,hoch,362
7/11/2020 16:00,8574.06,2,hoch,363
7/11/2020 17:00,8575.86,2,hoch,364
7/11/2020 18:00,8576.82,2,hoch,365
7/11/2020 19:00,8577.96,2,hoch,366
7/11/2020 20:00,8585.04,2,hoch,367
7/11/2020 21:00,8594.16,2,hoch,368
7/11/2020 22:00,8610.42,2,hoch,369
7/11/2020 23:00,8629.2,2,hoch,370
7/12/2020 0:00,8654.64,2,hoch,371
7/12/2020 1:00,8676.12,2,hoch,372
7/12/2020 2:00,8696.94,2,hoch,373
7/12/2020 3:00,8719.86,2,hoch,374
7/12/2020 4:00,8738.82,2,hoch,375
7/12/2020 5:00,8758.74,2,hoch,376
7/12/2020 6:00,8773.2,2,hoch,377
7/12/2020 7:00,8794.26,2,hoch,378
7/12/2020 8:00,8816.64,2,hoch,379
7/12/2020 9:00,8830.14,2,hoch,380
7/12/2020 10:00,8830.86,2,hoch,381
7/12/2020 11:00,8838.66,2,hoch,382
7/12/2020 12:00,8845.26,2,hoch,383
7/12/2020 13:00,8845.98,2,hoch,384
7/12/2020 14:00,8859,2,hoch,385
7/12/2020 15:00,8876.16,2,hoch,386
7/12/2020 16:00,8878.02,2,hoch,387
7/12/2020 17:00,8880.3,2,hoch,388
7/12/2020 18:00,8880.54,2,hoch,389
7/12/2020 19:00,8881.2,2,hoch,390
7/12/2020 20:00,8882.1,2,hoch,391
7/12/2020 21:00,8882.58,2,hoch,392
7/12/2020 22:00,8887.62,2,hoch,393
7/12/2020 23:00,8907.78,2,hoch,394
7/13/2020 0:00,8931.78,2,hoch,395
7/13/2020 1:00,8966.34,2,hoch,396
7/13/2020 2:00,8993.16,2,hoch,397
7/13/2020 3:00,9015.12,2,hoch,398
7/13/2020 4:00,9033.18,2,hoch,399
7/13/2020 5:00,9056.76,2,hoch,400
7/13/2020 6:00,9073.02,2,hoch,401
7/13/2020 7:00,9091.8,2,hoch,402
7/13/2020 8:00,9107.58,2,hoch,403
7/13/2020 9:00,9117.66,2,hoch,404
7/13/2020 10:00,9124.08,2,hoch,405
7/13/2020 11:00,9123.6,2,hoch,406
7/13/2020 12:00,9135.48,2,hoch,407
7/13/2020 13:00,9135.96,2,hoch,408
7/13/2020 14:00,9136.2,2,hoch,409
7/13/2020 15:00,9140.52,2,hoch,410
7/13/2020 16:00,9144.18,2,hoch,411
7/13/2020 17:00,9148.32,2,hoch,412
7/13/2020 18:00,9149.94,2,hoch,413
7/13/2020 19:00,9151.98,2,hoch,414
7/13/2020 20:00,9152.64,2,hoch,415
7/13/2020 21:00,9153.36,2,hoch,416
7/13/2020 22:00,9158.16,2,hoch,417
7/13/2020 23:00,9168,2,hoch,418
7/14/2020 0:00,9188.16,2,hoch,419
7/14/2020 1:00,9218.34,2,hoch,420
7/14/2020 2:00,9237.6,2,hoch,421
7/14/2020 3:00,9268.26,2,hoch,422
7/14/2020 4:00,9294.36,2,hoch,423
7/14/2020 5:00,9309.24,2,hoch,424
7/14/2020 6:00,9331.44,2,hoch,425
7/14/2020 7:00,9350.4,2,hoch,426
7/14/2020 8:00,9361.38,2,hoch,427
7/14/2020 9:00,9376.98,2,hoch,428
7/14/2020 10:00,9377.88,2,hoch,429
7/14/2020 11:00,9378.12,2,hoch,430
7/14/2020 12:00,9378.78,2,hoch,431
7/14/2020 13:00,9379.02,2,hoch,432
7/14/2020 14:00,9397.56,2,hoch,433
7/14/2020 15:00,9398.7,2,hoch,434
7/14/2020 16:00,9399.66,2,hoch,435
7/14/2020 17:00,9400.8,2,hoch,436
7/14/2020 18:00,9400.98,2,hoch,437
7/14/2020 19:00,9432.84,2,hoch,438
7/14/2020 20:00,9443.34,2,hoch,439
7/14/2020 21:00,9465.54,2,hoch,440
7/14/2020 22:00,9494.64,2,hoch,441
7/14/2020 23:00,9528.72,2,hoch,442
7/15/2020 0:00,9557.82,2,hoch,443
7/15/2020 1:00,9577.5,2,hoch,444
7/15/2020 2:00,9620.52,2,hoch,445
7/15/2020 3:00,9645.66,2,hoch,446
7/15/2020 4:00,9667.2,2,hoch,447
7/15/2020 5:00,9688.74,2,hoch,448
7/15/2020 6:00,9718.02,2,hoch,449
7/15/2020 7:00,9732.42,2,hoch,450
7/15/2020 8:00,9759.42,2,hoch,451
7/15/2020 9:00,9781.2,2,hoch,452
7/15/2020 10:00,9799.74,2,hoch,453
7/15/2020 11:00,9799.98,2,hoch,454
7/15/2020 12:00,9801.12,2,hoch,455
7/15/2020 13:00,9804.3,2,hoch,456
7/15/2020 14:00,9804.96,2,hoch,457
7/15/2020 15:00,9805.68,2,hoch,458
7/15/2020 16:00,9805.68,2,hoch,459
7/15/2020 17:00,9806.16,2,hoch,460
7/15/2020 18:00,9807.06,2,hoch,461
7/15/2020 19:00,9808.86,2,hoch,462
7/15/2020 20:00,9809.82,2,hoch,463
7/15/2020 21:00,9813.9,2,hoch,464
7/15/2020 22:00,9832.02,2,hoch,465
7/15/2020 23:00,9853.5,2,hoch,466
7/16/2020 0:00,9881.46,2,hoch,467
7/16/2020 1:00,9914.88,2,hoch,468
7/16/2020 2:00,9938.64,2,hoch,469
7/16/2020 3:00,9951.24,2,hoch,470
7/16/2020 4:00,9974.58,2,hoch,471
7/16/2020 5:00,9994.74,2,hoch,472
7/16/2020 6:00,10017.84,2,hoch,473
7/16/2020 7:00,10038.9,2,hoch,474
7/16/2020 8:00,10062.72,2,hoch,475
7/16/2020 9:00,10079.4,2,hoch,476
7/16/2020 10:00,10104.12,2,hoch,477
7/16/2020 11:00,10121.28,2,hoch,478
7/16/2020 12:00,10139.4,2,hoch,479
7/16/2020 13:00,10151.76,2,hoch,480
7/16/2020 14:00,10188.36,2,hoch,481
7/16/2020 15:00,10209,2,hoch,482
7/16/2020 16:00,10227.06,2,hoch,483
7/16/2020 17:00,10235.04,2,hoch,484
7/16/2020 18:00,10241.46,2,hoch,485
7/16/2020 19:00,10276.26,2,hoch,486
7/16/2020 20:00,10318.38,2,hoch,487
7/16/2020 21:00,10318.38,2,hoch,488
7/16/2020 22:00,10337.16,2,hoch,489
7/16/2020 23:00,10350.42,2,hoch,490
7/17/2020 0:00,10362.54,2,hoch,491
7/17/2020 1:00,10379.52,2,hoch,492
7/17/2020 2:00,10397.34,2,hoch,493
7/17/2020 3:00,10412.46,2,hoch,494
7/17/2020 4:00,10435.56,2,hoch,495
7/17/2020 5:00,10454.82,2,hoch,496
7/17/2020 6:00,10458.48,2,hoch,497
7/17/2020 7:00,10472.22,2,hoch,498
7/17/2020 8:00,10487.28,2,hoch,499
7/17/2020 9:00,10499.4,2,hoch,500
7/17/2020 10:00,10512,2,hoch,501
7/17/2020 11:00,10514.28,2,hoch,502
7/17/2020 12:00,10515.24,2,hoch,503
7/17/2020 13:00,2794.92,2,hoch,504
7/17/2020 14:00,2794.68,2,hoch,505
7/17/2020 15:00,2794.68,2,hoch,506
7/17/2020 16:00,2794.68,2,hoch,507
7/17/2020 17:00,2794.92,2,hoch,508
7/17/2020 18:00,2795.16,2,hoch,509
7/17/2020 19:00,2795.16,2,hoch,510
7/17/2020 20:00,2795.16,2,hoch,511
7/17/2020 21:00,2795.4,2,hoch,512
7/17/2020 22:00,2795.58,2,hoch,513
7/17/2020 23:00,2796.3,2,hoch,514
7/18/2020 0:00,2803.86,2,hoch,515
7/18/2020 1:00,2826.06,2,hoch,516
7/18/2020 2:00,2845.26,2,hoch,517
7/18/2020 3:00,2859.9,2,hoch,518
7/18/2020 4:00,2874.6,2,hoch,519
7/18/2020 5:00,2894.7,2,hoch,520
7/18/2020 6:00,2912.34,2,hoch,521
7/18/2020 7:00,2920.8,2,hoch,522
7/18/2020 8:00,2946.66,2,hoch,523
7/18/2020 9:00,2957.4,2,hoch,524
7/18/2020 10:00,2957.22,2,hoch,525
7/18/2020 11:00,2957.64,2,hoch,526
7/18/2020 12:00,2971.62,2,hoch,527
7/18/2020 13:00,2972.28,2,hoch,528
7/18/2020 14:00,2988.3,2,hoch,529
7/18/2020 15:00,2991.06,2,hoch,530
7/18/2020 16:00,2994.48,2,hoch,531
7/18/2020 17:00,2995.2,2,hoch,532
7/18/2020 18:00,2996.1,2,hoch,533
7/18/2020 19:00,3024.06,2,hoch,534
7/18/2020 20:00,3042.36,2,hoch,535
7/18/2020 21:00,3075.3,2,hoch,536
7/18/2020 22:00,3097.5,2,hoch,537
7/18/2020 23:00,3117.66,2,hoch,538
7/19/2020 0:00,3139.38,2,hoch,539
7/19/2020 1:00,3160.02,2,hoch,540
7/19/2020 2:00,3174.66,2,hoch,541
7/19/2020 3:00,3188.4,2,hoch,542
7/19/2020 4:00,3218.34,2,hoch,543
7/19/2020 5:00,3233.22,2,hoch,544
7/19/2020 6:00,3248.34,2,hoch,545
7/19/2020 7:00,3274.92,2,hoch,546
7/19/2020 8:00,3275.1,2,hoch,547
7/19/2020 9:00,3284.28,2,hoch,548
7/19/2020 10:00,3284.52,2,hoch,549
7/19/2020 11:00,3293.64,2,hoch,550
7/19/2020 12:00,3293.64,2,hoch,551
7/19/2020 13:00,3293.64,2,hoch,552
7/19/2020 14:00,3293.64,2,hoch,553
7/19/2020 15:00,3293.46,2,hoch,554
7/19/2020 16:00,3292.98,2,hoch,555
7/19/2020 17:00,3293.22,2,hoch,556
7/19/2020 18:00,3293.22,2,hoch,557
7/19/2020 19:00,3293.22,2,hoch,558
7/19/2020 20:00,3314.7,2,hoch,559
7/19/2020 21:00,3318.84,2,hoch,560
7/19/2020 22:00,3320.46,2,hoch,561
7/19/2020 23:00,3329.34,2,hoch,562
7/20/2020 0:00,3346.74,2,hoch,563
7/20/2020 1:00,3368.76,2,hoch,564
7/20/2020 2:00,3399.66,2,hoch,565
7/20/2020 3:00,3416.1,2,hoch,566
7/20/2020 4:00,3442.68,2,hoch,567
7/20/2020 5:00,3468.96,2,hoch,568
7/20/2020 6:00,3493.02,2,hoch,569
7/20/2020 7:00,3505.62,2,hoch,570
7/20/2020 8:00,3535.14,2,hoch,571
7/20/2020 9:00,3543.36,2,hoch,572
7/20/2020 10:00,3556.44,2,hoch,573
7/20/2020 11:00,3587.1,2,hoch,574
7/20/2020 12:00,3587.1,2,hoch,575
7/20/2020 13:00,3595.8,2,hoch,576
7/20/2020 14:00,3604.92,2,hoch,577
7/20/2020 15:00,3605.16,2,hoch,578
7/20/2020 16:00,3605.16,2,hoch,579
7/20/2020 17:00,3607.92,2,hoch,580
7/20/2020 18:00,3620.76,2,hoch,581
7/20/2020 19:00,3622.14,2,hoch,582
7/20/2020 20:00,3623.28,2,hoch,583
7/20/2020 21:00,3623.46,2,hoch,584
7/20/2020 22:00,3634.5,2,hoch,585
7/20/2020 23:00,3652.8,2,hoch,586
7/21/2020 0:00,3665.16,2,hoch,587
7/21/2020 1:00,3684.6,2,hoch,588
7/21/2020 2:00,3701.28,2,hoch,589
7/21/2020 3:00,3722.16,2,hoch,590
7/21/2020 4:00,3729.66,2,hoch,591
7/21/2020 5:00,3744.36,2,hoch,592
7/21/2020 6:00,3755.58,2,hoch,593
7/21/2020 7:00,3764.04,2,hoch,594
7/21/2020 8:00,3785.76,2,hoch,595
7/21/2020 9:00,3797.22,2,hoch,596
7/21/2020 10:00,3811.62,2,hoch,597
7/21/2020 11:00,3821.22,2,hoch,598
7/21/2020 12:00,3825.12,2,hoch,599
7/21/2020 13:00,3831.78,2,hoch,600
7/21/2020 14:00,3834.54,2,hoch,601
7/21/2020 15:00,3860.82,2,hoch,602
7/21/2020 16:00,3861.06,2,hoch,603
7/21/2020 17:00,3861.96,2,hoch,604
7/21/2020 18:00,3862.2,2,hoch,605
7/21/2020 19:00,3862.92,2,hoch,606
7/21/2020 20:00,3870.48,2,hoch,607
7/21/2020 21:00,3870.9,2,hoch,608
7/21/2020 22:00,3889.44,2,hoch,609
7/21/2020 23:00,3916.02,2,hoch,610
7/22/2020 0:00,3931.08,2,hoch,611
7/22/2020 1:00,3947.58,2,hoch,612
7/22/2020 2:00,3966.6,2,hoch,613
7/22/2020 3:00,3982.62,2,hoch,614
7/22/2020 4:00,4002.3,2,hoch,615
7/22/2020 5:00,4024.74,2,hoch,616
7/22/2020 6:00,4043.7,2,hoch,617
7/22/2020 7:00,4044.66,2,hoch,618
7/22/2020 8:00,4060.86,2,hoch,619
7/22/2020 9:00,4077.84,2,hoch,620
7/22/2020 10:00,4078.98,2,hoch,621
7/22/2020 11:00,4088.82,2,hoch,622
7/22/2020 12:00,4089.72,2,hoch,623
7/22/2020 13:00,4121.76,2,hoch,624
7/22/2020 14:00,4123.8,2,hoch,625
7/22/2020 15:00,4141.92,2,hoch,626
7/22/2020 16:00,4154.28,2,hoch,627
6/26/2020 14:00,3909.36,3,niedrig,1
6/26/2020 15:00,3907.74,3,niedrig,2
6/26/2020 16:00,3907.56,3,niedrig,3
6/26/2020 17:00,3881.46,3,niedrig,4
6/26/2020 18:00,3881.64,3,niedrig,5
6/26/2020 19:00,3883.26,3,niedrig,6
6/26/2020 20:00,3885.54,3,niedrig,7
6/26/2020 21:00,3898.86,3,niedrig,8
6/26/2020 22:00,3922.62,3,niedrig,9
6/26/2020 23:00,3955.14,3,niedrig,10
6/27/2020 0:00,3986.94,3,niedrig,11
6/27/2020 1:00,4018.74,3,niedrig,12
6/27/2020 2:00,4034.1,3,niedrig,13
6/27/2020 3:00,4063.38,3,niedrig,14
6/27/2020 4:00,4082.64,3,niedrig,15
6/27/2020 5:00,4092.24,3,niedrig,16
6/27/2020 6:00,4122.9,3,niedrig,17
6/27/2020 7:00,4141.68,3,niedrig,18
6/27/2020 8:00,4149.9,3,niedrig,19
6/27/2020 9:00,4150.14,3,niedrig,20
6/27/2020 10:00,4150.14,3,niedrig,21
6/27/2020 11:00,4150.86,3,niedrig,22
6/27/2020 12:00,4151.04,3,niedrig,23
6/27/2020 13:00,4151.04,3,niedrig,24
6/27/2020 14:00,4151.52,3,niedrig,25
6/27/2020 15:00,4153.38,3,niedrig,26
6/27/2020 16:00,4153.38,3,niedrig,27
6/27/2020 17:00,4153.14,3,niedrig,28
6/27/2020 18:00,4152.9,3,niedrig,29
6/27/2020 19:00,4152.66,3,niedrig,30
6/27/2020 20:00,4152,3,niedrig,31
6/27/2020 21:00,4173.24,3,niedrig,32
6/27/2020 22:00,4201.86,3,niedrig,33
6/27/2020 23:00,4227.3,3,niedrig,34
6/28/2020 0:00,4256.34,3,niedrig,35
6/28/2020 1:00,4281.78,3,niedrig,36
6/28/2020 2:00,4309.44,3,niedrig,37
6/28/2020 3:00,4342.44,3,niedrig,38
6/28/2020 4:00,4377.66,3,niedrig,39
6/28/2020 5:00,4391.4,3,niedrig,40
6/28/2020 6:00,4420.02,3,niedrig,41
6/28/2020 7:00,4433.94,3,niedrig,42
6/28/2020 8:00,4452.3,3,niedrig,43
6/28/2020 9:00,4470.6,3,niedrig,44
6/28/2020 10:00,4477.68,3,niedrig,45
6/28/2020 11:00,4477.92,3,niedrig,46
6/28/2020 12:00,4477.92,3,niedrig,47
6/28/2020 13:00,4478.58,3,niedrig,48
6/28/2020 14:00,4478.4,3,niedrig,49
6/28/2020 15:00,4479.54,3,niedrig,50
6/28/2020 16:00,4479.06,3,niedrig,51
6/28/2020 17:00,4479.3,3,niedrig,52
6/28/2020 18:00,4479.3,3,niedrig,53
6/28/2020 19:00,4479.54,3,niedrig,54
6/28/2020 20:00,4479.54,3,niedrig,55
6/28/2020 21:00,4498.98,3,niedrig,56
6/28/2020 22:00,4522.8,3,niedrig,57
6/28/2020 23:00,4555.02,3,niedrig,58
6/29/2020 0:00,4580.94,3,niedrig,59
6/29/2020 1:00,4604.46,3,niedrig,60
6/29/2020 2:00,4628.04,3,niedrig,61
6/29/2020 3:00,4651.62,3,niedrig,62
6/29/2020 4:00,4661.7,3,niedrig,63
6/29/2020 5:00,4688.94,3,niedrig,64
6/29/2020 6:00,4704.96,3,niedrig,65
6/29/2020 7:00,4729.92,3,niedrig,66
6/29/2020 8:00,4758.06,3,niedrig,67
6/29/2020 9:00,4769.28,3,niedrig,68
6/29/2020 10:00,4789.86,3,niedrig,69
6/29/2020 11:00,4803.84,3,niedrig,70
6/29/2020 12:00,4808.4,3,niedrig,71
6/29/2020 13:00,4809.54,3,niedrig,72
6/29/2020 14:00,4809.78,3,niedrig,73
6/29/2020 15:00,4809.78,3,niedrig,74
6/29/2020 16:00,4809.78,3,niedrig,75
6/29/2020 17:00,4809.54,3,niedrig,76
6/29/2020 18:00,4809.12,3,niedrig,77
6/29/2020 19:00,4808.64,3,niedrig,78
6/29/2020 20:00,4808.64,3,niedrig,79
6/29/2020 21:00,4808.22,3,niedrig,80
6/29/2020 22:00,4808.22,3,niedrig,81
6/29/2020 23:00,4841.64,3,niedrig,82
6/30/2020 0:00,4864.26,3,niedrig,83
6/30/2020 1:00,4888.56,3,niedrig,84
6/30/2020 2:00,4910.52,3,niedrig,85
6/30/2020 3:00,4932.96,3,niedrig,86
6/30/2020 4:00,4943.46,3,niedrig,87
6/30/2020 5:00,4963.14,3,niedrig,88
6/30/2020 6:00,4981.68,3,niedrig,89
6/30/2020 7:00,5000.46,3,niedrig,90
6/30/2020 8:00,5013.72,3,niedrig,91
6/30/2020 9:00,5029.32,3,niedrig,92
6/30/2020 10:00,5032.26,3,niedrig,93
6/30/2020 11:00,5033.64,3,niedrig,94
6/30/2020 12:00,5033.4,3,niedrig,95
6/30/2020 13:00,5034.36,3,niedrig,96
6/30/2020 14:00,5034.12,3,niedrig,97
6/30/2020 15:00,5034.36,3,niedrig,98
6/30/2020 16:00,5034.12,3,niedrig,99
6/30/2020 17:00,5034.12,3,niedrig,100
6/30/2020 18:00,5034.78,3,niedrig,101
6/30/2020 19:00,5052.9,3,niedrig,102
6/30/2020 20:00,5084.22,3,niedrig,103
6/30/2020 21:00,5119.68,3,niedrig,104
6/30/2020 22:00,5151.06,3,niedrig,105
6/30/2020 23:00,5183.58,3,niedrig,106
7/1/2020 0:00,5208.96,3,niedrig,107
7/1/2020 1:00,5234.82,3,niedrig,108
7/1/2020 2:00,5259.3,3,niedrig,109
7/1/2020 3:00,5284.26,3,niedrig,110
7/1/2020 4:00,5314.02,3,niedrig,111
7/1/2020 5:00,5333.7,3,niedrig,112
7/1/2020 6:00,5354.76,3,niedrig,113
7/1/2020 7:00,5379.06,3,niedrig,114
7/1/2020 8:00,5399.88,3,niedrig,115
7/1/2020 9:00,5411.76,3,niedrig,116
7/1/2020 10:00,5424.6,3,niedrig,117
7/1/2020 11:00,5425.02,3,niedrig,118
7/1/2020 12:00,5428.5,3,niedrig,119
7/1/2020 13:00,5428.68,3,niedrig,120
7/1/2020 14:00,5429.16,3,niedrig,121
7/1/2020 15:00,5466.48,3,niedrig,122
7/1/2020 16:00,5466.24,3,niedrig,123
7/1/2020 17:00,5476.74,3,niedrig,124
7/1/2020 18:00,5500.8,3,niedrig,125
7/1/2020 19:00,5525.52,3,niedrig,126
7/1/2020 20:00,5539.74,3,niedrig,127
7/1/2020 21:00,5569.44,3,niedrig,128
7/1/2020 22:00,5600.34,3,niedrig,129
7/1/2020 23:00,5634.9,3,niedrig,130
7/2/2020 0:00,5667.18,3,niedrig,131
7/2/2020 1:00,5692.14,3,niedrig,132
7/2/2020 2:00,5709.78,3,niedrig,133
7/2/2020 3:00,5729.22,3,niedrig,134
7/2/2020 4:00,5758.32,3,niedrig,135
7/2/2020 5:00,5799.48,3,niedrig,136
7/2/2020 6:00,5822.16,3,niedrig,137
7/2/2020 7:00,5841.6,3,niedrig,138
7/2/2020 8:00,5870.7,3,niedrig,139
7/2/2020 9:00,5881.68,3,niedrig,140
7/2/2020 10:00,5884.44,3,niedrig,141
7/2/2020 11:00,5903.64,3,niedrig,142
7/2/2020 12:00,5925.36,3,niedrig,143
7/2/2020 13:00,5949.9,3,niedrig,144
7/2/2020 14:00,5950.56,3,niedrig,145
7/2/2020 15:00,5962.92,3,niedrig,146
7/2/2020 16:00,5972.76,3,niedrig,147
7/2/2020 17:00,5995.86,3,niedrig,148
7/2/2020 18:00,6020.58,3,niedrig,149
7/2/2020 19:00,6031.8,3,niedrig,150
7/2/2020 20:00,6061.56,3,niedrig,151
7/2/2020 21:00,6080.1,3,niedrig,152
7/2/2020 22:00,6095.7,3,niedrig,153
7/2/2020 23:00,6130.92,3,niedrig,154
7/3/2020 0:00,6145.14,3,niedrig,155
7/3/2020 1:00,6168,3,niedrig,156
7/3/2020 2:00,6189.72,3,niedrig,157
7/3/2020 3:00,6207.84,3,niedrig,158
7/3/2020 4:00,6228.9,3,niedrig,159
7/3/2020 5:00,6247.44,3,niedrig,160
7/3/2020 6:00,6258.66,3,niedrig,161
7/3/2020 7:00,6272.4,3,niedrig,162
7/3/2020 8:00,6288.42,3,niedrig,163
7/3/2020 9:00,6312.42,3,niedrig,164
7/3/2020 10:00,6315.42,3,niedrig,165
7/3/2020 11:00,6315.66,3,niedrig,166
7/3/2020 12:00,6316.98,3,niedrig,167
7/3/2020 13:00,6319.08,3,niedrig,168
7/3/2020 14:00,6319.08,3,niedrig,169
7/3/2020 15:00,6319.08,3,niedrig,170
7/3/2020 16:00,6319.08,3,niedrig,171
7/3/2020 17:00,6318.6,3,niedrig,172
7/3/2020 18:00,6317.94,3,niedrig,173
7/3/2020 19:00,6317.7,3,niedrig,174
7/3/2020 20:00,6336.48,3,niedrig,175
7/3/2020 21:00,6361.86,3,niedrig,176
7/3/2020 22:00,6396.42,3,niedrig,177
7/3/2020 23:00,6427.32,3,niedrig,178
7/4/2020 0:00,6453.42,3,niedrig,179
7/4/2020 1:00,6480.42,3,niedrig,180
7/4/2020 2:00,6503.76,3,niedrig,181
7/4/2020 3:00,6533.52,3,niedrig,182
7/4/2020 4:00,6555.48,3,niedrig,183
7/4/2020 5:00,6572.7,3,niedrig,184
7/4/2020 6:00,6603.78,3,niedrig,185
7/4/2020 7:00,6618.66,3,niedrig,186
7/4/2020 8:00,6640.86,3,niedrig,187
7/4/2020 9:00,6651.84,3,niedrig,188
7/4/2020 10:00,6663.78,3,niedrig,189
7/4/2020 11:00,6664.02,3,niedrig,190
7/4/2020 12:00,6664.92,3,niedrig,191
7/4/2020 13:00,6663.78,3,niedrig,192
7/4/2020 14:00,6664.44,3,niedrig,193
7/4/2020 15:00,6664.02,3,niedrig,194
7/4/2020 16:00,6664.2,3,niedrig,195
7/4/2020 17:00,6664.44,3,niedrig,196
7/4/2020 18:00,6664.44,3,niedrig,197
7/4/2020 19:00,6671.76,3,niedrig,198
7/4/2020 20:00,6696.48,3,niedrig,199
7/4/2020 21:00,6738.18,3,niedrig,200
7/4/2020 22:00,6771.6,3,niedrig,201
7/4/2020 23:00,6802.5,3,niedrig,202
7/5/2020 0:00,6836.34,3,niedrig,203
7/5/2020 1:00,6859.68,3,niedrig,204
7/5/2020 2:00,6895.86,3,niedrig,205
7/5/2020 3:00,6918.72,3,niedrig,206
7/5/2020 4:00,6947.1,3,niedrig,207
7/5/2020 5:00,6966.6,3,niedrig,208
7/5/2020 6:00,6991.08,3,niedrig,209
7/5/2020 7:00,7006.62,3,niedrig,210
7/5/2020 8:00,7025.64,3,niedrig,211
7/5/2020 9:00,7027.68,3,niedrig,212
7/5/2020 10:00,7028.4,3,niedrig,213
7/5/2020 11:00,7028.82,3,niedrig,214
7/5/2020 12:00,7035.96,3,niedrig,215
7/5/2020 13:00,7036.38,3,niedrig,216
7/5/2020 14:00,7036.38,3,niedrig,217
7/5/2020 15:00,7036.38,3,niedrig,218
7/5/2020 16:00,7036.38,3,niedrig,219
7/5/2020 17:00,7036.62,3,niedrig,220
7/5/2020 18:00,7036.62,3,niedrig,221
7/5/2020 19:00,7036.86,3,niedrig,222
7/5/2020 20:00,7045.56,3,niedrig,223
7/5/2020 21:00,7072.56,3,niedrig,224
7/5/2020 22:00,7098.9,3,niedrig,225
7/5/2020 23:00,7134.12,3,niedrig,226
7/6/2020 0:00,7161.84,3,niedrig,227
7/6/2020 1:00,7182.42,3,niedrig,228
7/6/2020 2:00,7197.78,3,niedrig,229
7/6/2020 3:00,7211.94,3,niedrig,230
7/6/2020 4:00,7225.2,3,niedrig,231
7/6/2020 5:00,7240.56,3,niedrig,232
7/6/2020 6:00,7264.14,3,niedrig,233
7/6/2020 7:00,7280.16,3,niedrig,234
7/6/2020 8:00,7295.7,3,niedrig,235
7/6/2020 9:00,7312.44,3,niedrig,236
7/6/2020 10:00,7320,3,niedrig,237
7/6/2020 11:00,7321.14,3,niedrig,238
7/6/2020 12:00,7321.8,3,niedrig,239
7/6/2020 13:00,7321.8,3,niedrig,240
7/6/2020 14:00,7322.04,3,niedrig,241
7/6/2020 15:00,7323.66,3,niedrig,242
7/6/2020 16:00,7322.52,3,niedrig,243
7/6/2020 17:00,7323.66,3,niedrig,244
7/6/2020 18:00,7330.5,3,niedrig,245
7/6/2020 19:00,7341.24,3,niedrig,246
7/6/2020 20:00,7352.94,3,niedrig,247
7/6/2020 21:00,7364.4,3,niedrig,248
7/6/2020 22:00,7391.4,3,niedrig,249
7/6/2020 23:00,7421.58,3,niedrig,250
7/7/2020 0:00,7445.64,3,niedrig,251
7/7/2020 1:00,7477.44,3,niedrig,252
7/7/2020 2:00,7497.12,3,niedrig,253
7/7/2020 3:00,7509.48,3,niedrig,254
7/7/2020 4:00,7534.92,3,niedrig,255
7/7/2020 5:00,7553.7,3,niedrig,256
7/7/2020 6:00,7569,3,niedrig,257
7/7/2020 7:00,7585.5,3,niedrig,258
7/7/2020 8:00,7606.56,3,niedrig,259
7/7/2020 9:00,7620.48,3,niedrig,260
7/7/2020 10:00,7633.08,3,niedrig,261
7/7/2020 11:00,7635.36,3,niedrig,262
7/7/2020 12:00,7635.18,3,niedrig,263
7/7/2020 13:00,7635.6,3,niedrig,264
7/7/2020 14:00,7635.84,3,niedrig,265
7/7/2020 15:00,7636.08,3,niedrig,266
7/7/2020 16:00,7635.6,3,niedrig,267
7/7/2020 17:00,7635.84,3,niedrig,268
7/7/2020 18:00,7635.84,3,niedrig,269
7/7/2020 19:00,7636.32,3,niedrig,270
7/7/2020 20:00,7653.48,3,niedrig,271
7/7/2020 21:00,7674.96,3,niedrig,272
7/7/2020 22:00,7702.44,3,niedrig,273
7/7/2020 23:00,7734.48,3,niedrig,274
7/8/2020 0:00,7763.82,3,niedrig,275
7/8/2020 1:00,7792.86,3,niedrig,276
7/8/2020 2:00,7816.2,3,niedrig,277
7/8/2020 3:00,7834.98,3,niedrig,278
7/8/2020 4:00,7857.66,3,niedrig,279
7/8/2020 5:00,7879.14,3,niedrig,280
7/8/2020 6:00,7888.74,3,niedrig,281
7/8/2020 7:00,7906.38,3,niedrig,282
7/8/2020 8:00,7928.34,3,niedrig,283
7/8/2020 9:00,7946.46,3,niedrig,284
7/8/2020 10:00,7967.04,3,niedrig,285
7/8/2020 11:00,7991.52,3,niedrig,286
7/8/2020 12:00,8012.82,3,niedrig,287
7/8/2020 13:00,8034.78,3,niedrig,288
7/8/2020 14:00,8050.38,3,niedrig,289
7/8/2020 15:00,8070.48,3,niedrig,290
7/8/2020 16:00,8091.12,3,niedrig,291
7/8/2020 17:00,8125.68,3,niedrig,292
7/8/2020 18:00,8151.3,3,niedrig,293
7/8/2020 19:00,8175.3,3,niedrig,294
7/8/2020 20:00,8199.36,3,niedrig,295
7/8/2020 21:00,8223.6,3,niedrig,296
7/8/2020 22:00,8253.6,3,niedrig,297
7/8/2020 23:00,8280.18,3,niedrig,298
7/9/2020 0:00,8300.28,3,niedrig,299
7/9/2020 1:00,8328.9,3,niedrig,300
7/9/2020 2:00,8346.3,3,niedrig,301
7/9/2020 3:00,8370.36,3,niedrig,302
7/9/2020 4:00,8392.74,3,niedrig,303
7/9/2020 5:00,8412.24,3,niedrig,304
7/9/2020 6:00,8430.06,3,niedrig,305
7/9/2020 7:00,8452.26,3,niedrig,306
7/9/2020 8:00,8473.56,3,niedrig,307
7/9/2020 9:00,8493.96,3,niedrig,308
7/9/2020 10:00,8511.54,3,niedrig,309
7/9/2020 11:00,8514.06,3,niedrig,310
7/9/2020 12:00,8516.34,3,niedrig,311
7/9/2020 13:00,8515.92,3,niedrig,312
7/9/2020 14:00,8515.68,3,niedrig,313
7/9/2020 15:00,8515.68,3,niedrig,314
7/9/2020 16:00,8515.68,3,niedrig,315
7/9/2020 17:00,8515.68,3,niedrig,316
7/9/2020 18:00,8516.16,3,niedrig,317
7/9/2020 19:00,8516.16,3,niedrig,318
7/9/2020 20:00,8516.16,3,niedrig,319
7/9/2020 21:00,8516.34,3,niedrig,320
7/9/2020 22:00,8538.78,3,niedrig,321
7/9/2020 23:00,8566.5,3,niedrig,322
7/10/2020 0:00,8597.64,3,niedrig,323
7/10/2020 1:00,8627.4,3,niedrig,324
7/10/2020 2:00,8649.78,3,niedrig,325
7/10/2020 3:00,8688.96,3,niedrig,326
7/10/2020 4:00,8710.26,3,niedrig,327
7/10/2020 5:00,8726.94,3,niedrig,328
7/10/2020 6:00,8745.48,3,niedrig,329
7/10/2020 7:00,8761.26,3,niedrig,330
7/10/2020 8:00,8770.2,3,niedrig,331
7/10/2020 9:00,8778.42,3,niedrig,332
7/10/2020 10:00,8784.18,3,niedrig,333
7/10/2020 11:00,8784.18,3,niedrig,334
7/10/2020 12:00,8784.6,3,niedrig,335
7/10/2020 13:00,8785.08,3,niedrig,336
7/10/2020 14:00,8785.32,3,niedrig,337
7/10/2020 15:00,8784.84,3,niedrig,338
7/10/2020 16:00,8786.88,3,niedrig,339
7/10/2020 17:00,8822.64,3,niedrig,340
7/10/2020 18:00,8828.82,3,niedrig,341
7/10/2020 19:00,8837.52,3,niedrig,342
7/10/2020 20:00,8844.36,3,niedrig,343
7/10/2020 21:00,8861.28,3,niedrig,344
7/10/2020 22:00,8880.54,3,niedrig,345
7/10/2020 23:00,8904.12,3,niedrig,346
7/11/2020 0:00,8920.32,3,niedrig,347
7/11/2020 1:00,8950.8,3,niedrig,348
7/11/2020 2:00,8984.46,3,niedrig,349
7/11/2020 3:00,9003,3,niedrig,350
7/11/2020 4:00,9020.82,3,niedrig,351
7/11/2020 5:00,9038.46,3,niedrig,352
7/11/2020 6:00,9054.96,3,niedrig,353
7/11/2020 7:00,9067.32,3,niedrig,354
7/11/2020 8:00,9086.04,3,niedrig,355
7/11/2020 9:00,9097.74,3,niedrig,356
7/11/2020 10:00,9114.66,3,niedrig,357
7/11/2020 11:00,9115.8,3,niedrig,358
7/11/2020 12:00,9115.56,3,niedrig,359
7/11/2020 13:00,9116.94,3,niedrig,360
7/11/2020 14:00,9116.76,3,niedrig,361
7/11/2020 15:00,9116.76,3,niedrig,362
7/11/2020 16:00,9116.76,3,niedrig,363
7/11/2020 17:00,9116.76,3,niedrig,364
7/11/2020 18:00,9116.76,3,niedrig,365
7/11/2020 19:00,9117.42,3,niedrig,366
7/11/2020 20:00,9118.8,3,niedrig,367
7/11/2020 21:00,9119.46,3,niedrig,368
7/11/2020 22:00,9154.02,3,niedrig,369
7/11/2020 23:00,9181.98,3,niedrig,370
7/12/2020 0:00,9196.14,3,niedrig,371
7/12/2020 1:00,9214.44,3,niedrig,372
7/12/2020 2:00,9241.5,3,niedrig,373
7/12/2020 3:00,9261.6,3,niedrig,374
7/12/2020 4:00,9278.34,3,niedrig,375
7/12/2020 5:00,9292.98,3,niedrig,376
7/12/2020 6:00,9306.24,3,niedrig,377
7/12/2020 7:00,9315.66,3,niedrig,378
7/12/2020 8:00,9339.42,3,niedrig,379
7/12/2020 9:00,9358.68,3,niedrig,380
7/12/2020 10:00,9373.32,3,niedrig,381
7/12/2020 11:00,9377.46,3,niedrig,382
7/12/2020 12:00,9378.78,3,niedrig,383
7/12/2020 13:00,9378.12,3,niedrig,384
7/12/2020 14:00,9378.36,3,niedrig,385
7/12/2020 15:00,9377.88,3,niedrig,386
7/12/2020 16:00,9377.88,3,niedrig,387
7/12/2020 17:00,9378.36,3,niedrig,388
7/12/2020 18:00,9378.12,3,niedrig,389
7/12/2020 19:00,9378.36,3,niedrig,390
7/12/2020 20:00,9378.78,3,niedrig,391
7/12/2020 21:00,9379.92,3,niedrig,392
7/12/2020 22:00,9402.36,3,niedrig,393
7/12/2020 23:00,9420,3,niedrig,394
7/13/2020 0:00,9447.72,3,niedrig,395
7/13/2020 1:00,9465.3,3,niedrig,396
7/13/2020 2:00,9491.16,3,niedrig,397
7/13/2020 3:00,9508.8,3,niedrig,398
7/13/2020 4:00,9534.24,3,niedrig,399
7/13/2020 5:00,9548.64,3,niedrig,400
7/13/2020 6:00,9563.28,3,niedrig,401
7/13/2020 7:00,9580.92,3,niedrig,402
7/13/2020 8:00,9598.56,3,niedrig,403
7/13/2020 9:00,9619.8,3,niedrig,404
7/13/2020 10:00,9635.4,3,niedrig,405
7/13/2020 11:00,9636.78,3,niedrig,406
7/13/2020 12:00,9637.2,3,niedrig,407
7/13/2020 13:00,9638.16,3,niedrig,408
7/13/2020 14:00,9638.16,3,niedrig,409
7/13/2020 15:00,9638.58,3,niedrig,410
7/13/2020 16:00,9638.16,3,niedrig,411
7/13/2020 17:00,9638.16,3,niedrig,412
7/13/2020 18:00,9638.34,3,niedrig,413
7/13/2020 19:00,9638.58,3,niedrig,414
7/13/2020 20:00,9638.82,3,niedrig,415
7/13/2020 21:00,9639.72,3,niedrig,416
7/13/2020 22:00,9640.86,3,niedrig,417
7/13/2020 23:00,9669.24,3,niedrig,418
7/14/2020 0:00,9684.84,3,niedrig,419
7/14/2020 1:00,9697.2,3,niedrig,420
7/14/2020 2:00,9722.34,3,niedrig,421
7/14/2020 3:00,9742.02,3,niedrig,422
7/14/2020 4:00,9764.04,3,niedrig,423
7/14/2020 5:00,9781.2,3,niedrig,424
7/14/2020 6:00,9794.22,3,niedrig,425
7/14/2020 7:00,9808.68,3,niedrig,426
7/14/2020 8:00,9819.66,3,niedrig,427
7/14/2020 9:00,9837.96,3,niedrig,428
7/14/2020 10:00,9850.74,3,niedrig,429
7/14/2020 11:00,9852.84,3,niedrig,430
7/14/2020 12:00,9853.98,3,niedrig,431
7/14/2020 13:00,9853.74,3,niedrig,432
7/14/2020 14:00,9853.98,3,niedrig,433
7/14/2020 15:00,9854.22,3,niedrig,434
7/14/2020 16:00,9854.64,3,niedrig,435
7/14/2020 17:00,9855.6,3,niedrig,436
7/14/2020 18:00,9856.74,3,niedrig,437
7/14/2020 19:00,9869.1,3,niedrig,438
7/14/2020 20:00,9894.48,3,niedrig,439
7/14/2020 21:00,9916.92,3,niedrig,440
7/14/2020 22:00,9946.92,3,niedrig,441
7/14/2020 23:00,9974.58,3,niedrig,442
7/15/2020 0:00,9998.16,3,niedrig,443
7/15/2020 1:00,10017.42,3,niedrig,444
7/15/2020 2:00,10038,3,niedrig,445
7/15/2020 3:00,10055.4,3,niedrig,446
7/15/2020 4:00,10081.02,3,niedrig,447
7/15/2020 5:00,10098.18,3,niedrig,448
7/15/2020 6:00,10113.78,3,niedrig,449
7/15/2020 7:00,10131.18,3,niedrig,450
7/15/2020 8:00,10142.34,3,niedrig,451
7/15/2020 9:00,10157.46,3,niedrig,452
7/15/2020 10:00,10170.72,3,niedrig,453
7/15/2020 11:00,10172.34,3,niedrig,454
7/15/2020 12:00,10173.24,3,niedrig,455
7/15/2020 13:00,10173.06,3,niedrig,456
7/15/2020 14:00,10173.24,3,niedrig,457
7/15/2020 15:00,10173.48,3,niedrig,458
7/15/2020 16:00,10173.24,3,niedrig,459
7/15/2020 17:00,10173.24,3,niedrig,460
7/15/2020 18:00,10173.48,3,niedrig,461
7/15/2020 19:00,10173.72,3,niedrig,462
7/15/2020 20:00,10191.12,3,niedrig,463
7/15/2020 21:00,10218.12,3,niedrig,464
7/15/2020 22:00,10251.54,3,niedrig,465
7/15/2020 23:00,10272.84,3,niedrig,466
7/16/2020 0:00,10304.64,3,niedrig,467
7/16/2020 1:00,10329.36,3,niedrig,468
7/16/2020 2:00,10351.56,3,niedrig,469
7/16/2020 3:00,10389.54,3,niedrig,470
7/16/2020 4:00,10421.4,3,niedrig,471
7/16/2020 5:00,10447.92,3,niedrig,472
7/16/2020 6:00,10466.46,3,niedrig,473
7/16/2020 7:00,10489.38,3,niedrig,474
7/16/2020 8:00,10515.42,3,niedrig,475
7/16/2020 9:00,10537.68,3,niedrig,476
7/16/2020 10:00,10560.78,3,niedrig,477
7/16/2020 11:00,10581.84,3,niedrig,478
7/16/2020 12:00,10605.84,3,niedrig,479
7/16/2020 13:00,10620.96,3,niedrig,480
7/16/2020 14:00,10642.5,3,niedrig,481
7/16/2020 15:00,10671.3,3,niedrig,482
7/16/2020 16:00,10682.76,3,niedrig,483
7/16/2020 17:00,10692.6,3,niedrig,484
7/16/2020 18:00,10707.72,3,niedrig,485
7/16/2020 19:00,10719.84,3,niedrig,486
7/16/2020 20:00,10736.34,3,niedrig,487
7/16/2020 21:00,10772.04,3,niedrig,488
7/16/2020 22:00,10791,3,niedrig,489
7/16/2020 23:00,10808.4,3,niedrig,490
7/17/2020 0:00,10825.14,3,niedrig,491
7/17/2020 1:00,10842.96,3,niedrig,492
7/17/2020 2:00,10861.5,3,niedrig,493
7/17/2020 3:00,10878,3,niedrig,494
7/17/2020 4:00,10903.2,3,niedrig,495
7/17/2020 5:00,10921.98,3,niedrig,496
7/17/2020 6:00,10941.66,3,niedrig,497
7/17/2020 7:00,10954.92,3,niedrig,498
7/17/2020 8:00,10966.14,3,niedrig,499
7/17/2020 9:00,10975.26,3,niedrig,500
7/17/2020 10:00,10986.24,3,niedrig,501
7/17/2020 11:00,10994.28,3,niedrig,502
7/17/2020 12:00,11001.12,3,niedrig,503
7/17/2020 13:00,11000.46,3,niedrig,504
7/17/2020 14:00,10999.98,3,niedrig,505
7/17/2020 15:00,11000.22,3,niedrig,506
7/17/2020 16:00,11000.22,3,niedrig,507
7/17/2020 17:00,11000.7,3,niedrig,508
7/17/2020 18:00,11000.94,3,niedrig,509
7/17/2020 19:00,11001.12,3,niedrig,510
7/17/2020 20:00,11002.08,3,niedrig,511
7/17/2020 21:00,11002.98,3,niedrig,512
7/17/2020 22:00,11037.78,3,niedrig,513
7/17/2020 23:00,11061.36,3,niedrig,514
7/18/2020 0:00,11097.48,3,niedrig,515
7/18/2020 1:00,11124.96,3,niedrig,516
7/18/2020 2:00,11140.56,3,niedrig,517
7/18/2020 3:00,11161.38,3,niedrig,518
7/18/2020 4:00,11180.16,3,niedrig,519
7/18/2020 5:00,11200.98,3,niedrig,520
7/18/2020 6:00,11225.7,3,niedrig,521
7/18/2020 7:00,11244,3,niedrig,522
7/18/2020 8:00,11270.1,3,niedrig,523
7/18/2020 9:00,11291.4,3,niedrig,524
7/18/2020 10:00,11319.3,3,niedrig,525
7/18/2020 11:00,11321.58,3,niedrig,526
7/18/2020 12:00,11322.96,3,niedrig,527
7/18/2020 13:00,11322.48,3,niedrig,528
7/18/2020 14:00,11322.48,3,niedrig,529
7/18/2020 15:00,11322.06,3,niedrig,530
7/18/2020 16:00,11322.06,3,niedrig,531
7/18/2020 17:00,11322.3,3,niedrig,532
7/18/2020 18:00,11322.06,3,niedrig,533
7/18/2020 19:00,11323.44,3,niedrig,534
7/18/2020 20:00,11324.34,3,niedrig,535
7/18/2020 21:00,11339.88,3,niedrig,536
7/18/2020 22:00,11363.94,3,niedrig,537
7/18/2020 23:00,11377.86,3,niedrig,538
7/19/2020 0:00,11394.6,3,niedrig,539
7/19/2020 1:00,11437.86,3,niedrig,540
7/19/2020 2:00,11459.16,3,niedrig,541
7/19/2020 3:00,11491.44,3,niedrig,542
7/19/2020 4:00,11507.22,3,niedrig,543
7/19/2020 5:00,11530.32,3,niedrig,544
7/19/2020 6:00,11544.06,3,niedrig,545
7/19/2020 7:00,11558.46,3,niedrig,546
7/19/2020 8:00,11579.28,3,niedrig,547
7/19/2020 9:00,11591.22,3,niedrig,548
7/19/2020 10:00,11602.68,3,niedrig,549
7/19/2020 11:00,11604.24,3,niedrig,550
7/19/2020 12:00,11604.48,3,niedrig,551
7/19/2020 13:00,11604.96,3,niedrig,552
7/19/2020 14:00,11604.72,3,niedrig,553
7/19/2020 15:00,11604.72,3,niedrig,554
7/19/2020 16:00,11604.48,3,niedrig,555
7/19/2020 17:00,11604.48,3,niedrig,556
7/19/2020 18:00,11604.48,3,niedrig,557
7/19/2020 19:00,11604.72,3,niedrig,558
7/19/2020 20:00,11604.72,3,niedrig,559
7/19/2020 21:00,11605.38,3,niedrig,560
7/19/2020 22:00,11606.76,3,niedrig,561
7/19/2020 23:00,11607.24,3,niedrig,562
7/20/2020 0:00,11607.24,3,niedrig,563
7/20/2020 1:00,11635.14,3,niedrig,564
7/20/2020 2:00,11653.26,3,niedrig,565
7/20/2020 3:00,11672.7,3,niedrig,566
7/20/2020 4:00,11693.28,3,niedrig,567
7/20/2020 5:00,11736.3,3,niedrig,568
7/20/2020 6:00,11764.92,3,niedrig,569
7/20/2020 7:00,11779.38,3,niedrig,570
7/20/2020 8:00,11796.96,3,niedrig,571
7/20/2020 9:00,11808.9,3,niedrig,572
7/20/2020 10:00,11819.64,3,niedrig,573
7/20/2020 11:00,11831.1,3,niedrig,574
7/20/2020 12:00,11837.04,3,niedrig,575
7/20/2020 13:00,11842.5,3,niedrig,576
7/20/2020 14:00,11850.3,3,niedrig,577
7/20/2020 15:00,11850.3,3,niedrig,578
7/20/2020 16:00,11850.3,3,niedrig,579
7/20/2020 17:00,11850.3,3,niedrig,580
7/20/2020 18:00,11850.78,3,niedrig,581
7/20/2020 19:00,11851.02,3,niedrig,582
7/20/2020 20:00,11851.44,3,niedrig,583
7/20/2020 21:00,11852.16,3,niedrig,584
7/20/2020 22:00,11869.08,3,niedrig,585
7/20/2020 23:00,11888.76,3,niedrig,586
7/21/2020 0:00,11942.76,3,niedrig,587
7/21/2020 1:00,11970.96,3,niedrig,588
7/21/2020 2:00,11988.54,3,niedrig,589
7/21/2020 3:00,12007.56,3,niedrig,590
7/21/2020 4:00,12027.9,3,niedrig,591
7/21/2020 5:00,12043.5,3,niedrig,592
7/21/2020 6:00,12062.94,3,niedrig,593
7/21/2020 7:00,12078.96,3,niedrig,594
7/21/2020 8:00,12103.2,3,niedrig,595
7/21/2020 9:00,12126.12,3,niedrig,596
7/21/2020 10:00,12157.02,3,niedrig,597
7/21/2020 11:00,12169.86,3,niedrig,598
7/21/2020 12:00,12174.42,3,niedrig,599
7/21/2020 13:00,12174.84,3,niedrig,600
7/21/2020 14:00,12174.84,3,niedrig,601
7/21/2020 15:00,12174.66,3,niedrig,602
7/21/2020 16:00,12174.66,3,niedrig,603
7/21/2020 17:00,12174.66,3,niedrig,604
7/21/2020 18:00,12174.66,3,niedrig,605
7/21/2020 19:00,12174.84,3,niedrig,606
7/21/2020 20:00,12175.32,3,niedrig,607
7/21/2020 21:00,12176.04,3,niedrig,608
7/21/2020 22:00,12191.34,3,niedrig,609
7/21/2020 23:00,12215.82,3,niedrig,610
7/22/2020 0:00,12232.08,3,niedrig,611
7/22/2020 1:00,12280.86,3,niedrig,612
7/22/2020 2:00,12304.62,3,niedrig,613
7/22/2020 3:00,12326.82,3,niedrig,614
7/22/2020 4:00,12349.98,3,niedrig,615
7/22/2020 5:00,12371.94,3,niedrig,616
7/22/2020 6:00,12392.52,3,niedrig,617
7/22/2020 7:00,12410.64,3,niedrig,618
7/22/2020 8:00,12429.36,3,niedrig,619
7/22/2020 9:00,12453.9,3,niedrig,620
7/22/2020 10:00,12480.9,3,niedrig,621
7/22/2020 11:00,12484.32,3,niedrig,622
7/22/2020 12:00,12487.32,3,niedrig,623
7/22/2020 13:00,12489.84,3,niedrig,624
7/22/2020 14:00,12489.6,3,niedrig,625
7/22/2020 15:00,12489.6,3,niedrig,626
7/22/2020 16:00,12489.84,3,niedrig,627
6/26/2020 14:00,5833.38,4,niedrig,1
6/26/2020 15:00,5829.24,4,niedrig,2
6/26/2020 16:00,5823.3,4,niedrig,3
6/26/2020 17:00,5818.26,4,niedrig,4
6/26/2020 18:00,5816.64,4,niedrig,5
6/26/2020 19:00,5811.84,4,niedrig,6
6/26/2020 20:00,5812.8,4,niedrig,7
6/26/2020 21:00,5812.98,4,niedrig,8
6/26/2020 22:00,5813.22,4,niedrig,9
6/26/2020 23:00,5813.7,4,niedrig,10
6/27/2020 0:00,5813.94,4,niedrig,11
6/27/2020 1:00,5814.36,4,niedrig,12
6/27/2020 2:00,5814.84,4,niedrig,13
6/27/2020 3:00,5816.22,4,niedrig,14
6/27/2020 4:00,5821.44,4,niedrig,15
6/27/2020 5:00,5824.2,4,niedrig,16
6/27/2020 6:00,5829.72,4,niedrig,17
6/27/2020 7:00,5836.8,4,niedrig,18
6/27/2020 8:00,5845.26,4,niedrig,19
6/27/2020 9:00,5851.68,4,niedrig,20
6/27/2020 10:00,5852.58,4,niedrig,21
6/27/2020 11:00,5856.06,4,niedrig,22
6/27/2020 12:00,5857.2,4,niedrig,23
6/27/2020 13:00,5858.1,4,niedrig,24
6/27/2020 14:00,5858.52,4,niedrig,25
6/27/2020 15:00,5867.46,4,niedrig,26
6/27/2020 16:00,5869.98,4,niedrig,27
6/27/2020 17:00,5871.6,4,niedrig,28
6/27/2020 18:00,5872.08,4,niedrig,29
6/27/2020 19:00,5873.22,4,niedrig,30
6/27/2020 20:00,5873.64,4,niedrig,31
6/27/2020 21:00,5874.36,4,niedrig,32
6/27/2020 22:00,5875.74,4,niedrig,33
6/27/2020 23:00,5896.56,4,niedrig,34
6/28/2020 0:00,5906.82,4,niedrig,35
6/28/2020 1:00,5917.38,4,niedrig,36
6/28/2020 2:00,5930.88,4,niedrig,37
6/28/2020 3:00,5947.8,4,niedrig,38
6/28/2020 4:00,5963.4,4,niedrig,39
6/28/2020 5:00,5973.66,4,niedrig,40
6/28/2020 6:00,5984.64,4,niedrig,41
6/28/2020 7:00,5993.82,4,niedrig,42
6/28/2020 8:00,6000.9,4,niedrig,43
6/28/2020 9:00,6005.7,4,niedrig,44
6/28/2020 10:00,6010.08,4,niedrig,45
6/28/2020 11:00,6014.64,4,niedrig,46
6/28/2020 12:00,6015.36,4,niedrig,47
6/28/2020 13:00,6016.68,4,niedrig,48
6/28/2020 14:00,6018.06,4,niedrig,49
6/28/2020 15:00,6019.44,4,niedrig,50
6/28/2020 16:00,6023.34,4,niedrig,51
6/28/2020 17:00,6026.1,4,niedrig,52
6/28/2020 18:00,6026.1,4,niedrig,53
6/28/2020 19:00,6026.58,4,niedrig,54
6/28/2020 20:00,6027.48,4,niedrig,55
6/28/2020 21:00,6029.04,4,niedrig,56
6/28/2020 22:00,6045.3,4,niedrig,57
6/28/2020 23:00,6055.14,4,niedrig,58
6/29/2020 0:00,6068.22,4,niedrig,59
6/29/2020 1:00,6083.1,4,niedrig,60
6/29/2020 2:00,6097.02,4,niedrig,61
6/29/2020 3:00,6114,4,niedrig,62
6/29/2020 4:00,6127.26,4,niedrig,63
6/29/2020 5:00,6135.48,4,niedrig,64
6/29/2020 6:00,6142.14,4,niedrig,65
6/29/2020 7:00,6150.84,4,niedrig,66
6/29/2020 8:00,6170.04,4,niedrig,67
6/29/2020 9:00,6180.6,4,niedrig,68
6/29/2020 10:00,6195,4,niedrig,69
6/29/2020 11:00,6207.12,4,niedrig,70
6/29/2020 12:00,6214.26,4,niedrig,71
6/29/2020 13:00,6216.54,4,niedrig,72
6/29/2020 14:00,6217.68,4,niedrig,73
6/29/2020 15:00,6219.3,4,niedrig,74
6/29/2020 16:00,6222,4,niedrig,75
6/29/2020 17:00,6222.48,4,niedrig,76
6/29/2020 18:00,6223.38,4,niedrig,77
6/29/2020 19:00,6224.76,4,niedrig,78
6/29/2020 20:00,6225.9,4,niedrig,79
6/29/2020 21:00,6228.42,4,niedrig,80
6/29/2020 22:00,6230.94,4,niedrig,81
6/29/2020 23:00,6248.58,4,niedrig,82
6/30/2020 0:00,6261.6,4,niedrig,83
6/30/2020 1:00,6277.38,4,niedrig,84
6/30/2020 2:00,6292.26,4,niedrig,85
6/30/2020 3:00,6304.62,4,niedrig,86
6/30/2020 4:00,6318.6,4,niedrig,87
6/30/2020 5:00,6331.68,4,niedrig,88
6/30/2020 6:00,6349.5,4,niedrig,89
6/30/2020 7:00,6361.38,4,niedrig,90
6/30/2020 8:00,6378.78,4,niedrig,91
6/30/2020 9:00,6391.38,4,niedrig,92
6/30/2020 10:00,6394.8,4,niedrig,93
6/30/2020 11:00,6400.8,4,niedrig,94
6/30/2020 12:00,6402.84,4,niedrig,95
6/30/2020 13:00,6406.74,4,niedrig,96
6/30/2020 14:00,6408.78,4,niedrig,97
6/30/2020 15:00,6409.92,4,niedrig,98
6/30/2020 16:00,6413.16,4,niedrig,99
6/30/2020 17:00,6417,4,niedrig,100
6/30/2020 18:00,6417.24,4,niedrig,101
6/30/2020 19:00,6433.98,4,niedrig,102
6/30/2020 20:00,6462.6,4,niedrig,103
6/30/2020 21:00,6486.18,4,niedrig,104
6/30/2020 22:00,6505.62,4,niedrig,105
6/30/2020 23:00,6527.82,4,niedrig,106
7/1/2020 0:00,6546.36,4,niedrig,107
7/1/2020 1:00,6566.52,4,niedrig,108
7/1/2020 2:00,6588.24,4,niedrig,109
7/1/2020 3:00,6608.4,4,niedrig,110
7/1/2020 4:00,6638.34,4,niedrig,111
7/1/2020 5:00,6651.84,4,niedrig,112
7/1/2020 6:00,6668.1,4,niedrig,113
7/1/2020 7:00,6687.78,4,niedrig,114
7/1/2020 8:00,6703.38,4,niedrig,115
7/1/2020 9:00,6714.36,4,niedrig,116
7/1/2020 10:00,6720.96,4,niedrig,117
7/1/2020 11:00,6729.48,4,niedrig,118
7/1/2020 12:00,6735.66,4,niedrig,119
7/1/2020 13:00,6736.56,4,niedrig,120
7/1/2020 14:00,6737.22,4,niedrig,121
7/1/2020 15:00,6739.74,4,niedrig,122
7/1/2020 16:00,6759.42,4,niedrig,123
7/1/2020 17:00,6773.4,4,niedrig,124
7/1/2020 18:00,6802.26,4,niedrig,125
7/1/2020 19:00,6826.26,4,niedrig,126
7/1/2020 20:00,6839.58,4,niedrig,127
7/1/2020 21:00,6859.02,4,niedrig,128
7/1/2020 22:00,6885.3,4,niedrig,129
7/1/2020 23:00,6911.64,4,niedrig,130
7/2/2020 0:00,6934.56,4,niedrig,131
7/2/2020 1:00,6955.62,4,niedrig,132
7/2/2020 2:00,6971.16,4,niedrig,133
7/2/2020 3:00,6985.14,4,niedrig,134
7/2/2020 4:00,7005.48,4,niedrig,135
7/2/2020 5:00,7020.84,4,niedrig,136
7/2/2020 6:00,7041,4,niedrig,137
7/2/2020 7:00,7061.1,4,niedrig,138
7/2/2020 8:00,7084.44,4,niedrig,139
7/2/2020 9:00,7100.7,4,niedrig,140
7/2/2020 10:00,7106.22,4,niedrig,141
7/2/2020 11:00,7112.16,4,niedrig,142
7/2/2020 12:00,7135.02,4,niedrig,143
7/2/2020 13:00,7157.7,4,niedrig,144
7/2/2020 14:00,7163.22,4,niedrig,145
7/2/2020 15:00,7170.54,4,niedrig,146
7/2/2020 16:00,7179.66,4,niedrig,147
7/2/2020 17:00,7192.5,4,niedrig,148
7/2/2020 18:00,7215.36,4,niedrig,149
7/2/2020 19:00,7230.72,4,niedrig,150
7/2/2020 20:00,7243.56,4,niedrig,151
7/2/2020 21:00,7260.24,4,niedrig,152
7/2/2020 22:00,7276.74,4,niedrig,153
7/2/2020 23:00,7292.52,4,niedrig,154
7/3/2020 0:00,7305.78,4,niedrig,155
7/3/2020 1:00,7330.26,4,niedrig,156
7/3/2020 2:00,7351.56,4,niedrig,157
7/3/2020 3:00,7365.06,4,niedrig,158
7/3/2020 4:00,7380.84,4,niedrig,159
7/3/2020 5:00,7396.44,4,niedrig,160
7/3/2020 6:00,7406.04,4,niedrig,161
7/3/2020 7:00,7415.64,4,niedrig,162
7/3/2020 8:00,7436.04,4,niedrig,163
7/3/2020 9:00,7453.68,4,niedrig,164
7/3/2020 10:00,7457.34,4,niedrig,165
7/3/2020 11:00,7458.48,4,niedrig,166
7/3/2020 12:00,7461.42,4,niedrig,167
7/3/2020 13:00,7470.84,4,niedrig,168
7/3/2020 14:00,7471.74,4,niedrig,169
7/3/2020 15:00,7474.02,4,niedrig,170
7/3/2020 16:00,7478.82,4,niedrig,171
7/3/2020 17:00,7479.96,4,niedrig,172
7/3/2020 18:00,7481.58,4,niedrig,173
7/3/2020 19:00,7489.8,4,niedrig,174
7/3/2020 20:00,7502.88,4,niedrig,175
7/3/2020 21:00,7523.7,4,niedrig,176
7/3/2020 22:00,7542,4,niedrig,177
7/3/2020 23:00,7555.74,4,niedrig,178
7/4/2020 0:00,7577.7,4,niedrig,179
7/4/2020 1:00,7596,4,niedrig,180
7/4/2020 2:00,7615.5,4,niedrig,181
7/4/2020 3:00,7632.42,4,niedrig,182
7/4/2020 4:00,7664.22,4,niedrig,183
7/4/2020 5:00,7678.86,4,niedrig,184
7/4/2020 6:00,7690.32,4,niedrig,185
7/4/2020 7:00,7703.82,4,niedrig,186
7/4/2020 8:00,7719.6,4,niedrig,187
7/4/2020 9:00,7738.14,4,niedrig,188
7/4/2020 10:00,7742.28,4,niedrig,189
7/4/2020 11:00,7745.94,4,niedrig,190
7/4/2020 12:00,7747.56,4,niedrig,191
7/4/2020 13:00,7748.94,4,niedrig,192
7/4/2020 14:00,7750.08,4,niedrig,193
7/4/2020 15:00,7750.5,4,niedrig,194
7/4/2020 16:00,7755.78,4,niedrig,195
7/4/2020 17:00,7757.64,4,niedrig,196
7/4/2020 18:00,7771.32,4,niedrig,197
7/4/2020 19:00,7773.84,4,niedrig,198
7/4/2020 20:00,7789.68,4,niedrig,199
7/4/2020 21:00,7813.44,4,niedrig,200
7/4/2020 22:00,7846.44,4,niedrig,201
7/4/2020 23:00,7873.44,4,niedrig,202
7/5/2020 0:00,7893.54,4,niedrig,203
7/5/2020 1:00,7916.22,4,niedrig,204
7/5/2020 2:00,7938.66,4,niedrig,205
7/5/2020 3:00,7962.9,4,niedrig,206
7/5/2020 4:00,7986.06,4,niedrig,207
7/5/2020 5:00,8005.74,4,niedrig,208
7/5/2020 6:00,8023.32,4,niedrig,209
7/5/2020 7:00,8046.48,4,niedrig,210
7/5/2020 8:00,8065.26,4,niedrig,211
7/5/2020 9:00,8072.58,4,niedrig,212
7/5/2020 10:00,8078.28,4,niedrig,213
7/5/2020 11:00,8083.8,4,niedrig,214
7/5/2020 12:00,8092.02,4,niedrig,215
7/5/2020 13:00,8096.58,4,niedrig,216
7/5/2020 14:00,8098.2,4,niedrig,217
7/5/2020 15:00,8098.44,4,niedrig,218
7/5/2020 16:00,8099.34,4,niedrig,219
7/5/2020 17:00,8101.86,4,niedrig,220
7/5/2020 18:00,8105.04,4,niedrig,221
7/5/2020 19:00,8131.86,4,niedrig,222
7/5/2020 20:00,8136.66,4,niedrig,223
7/5/2020 21:00,8149.44,4,niedrig,224
7/5/2020 22:00,8166.6,4,niedrig,225
7/5/2020 23:00,8203.92,4,niedrig,226
7/6/2020 0:00,8229.36,4,niedrig,227
7/6/2020 1:00,8249.46,4,niedrig,228
7/6/2020 2:00,8263.2,4,niedrig,229
7/6/2020 3:00,8272.14,4,niedrig,230
7/6/2020 4:00,8289.78,4,niedrig,231
7/6/2020 5:00,8305.8,4,niedrig,232
7/6/2020 6:00,8318.4,4,niedrig,233
7/6/2020 7:00,8345.82,4,niedrig,234
7/6/2020 8:00,8355,4,niedrig,235
7/6/2020 9:00,8371.68,4,niedrig,236
7/6/2020 10:00,8381.34,4,niedrig,237
7/6/2020 11:00,8386.8,4,niedrig,238
7/6/2020 12:00,8388.9,4,niedrig,239
7/6/2020 13:00,8390.7,4,niedrig,240
7/6/2020 14:00,8392.98,4,niedrig,241
7/6/2020 15:00,8395.5,4,niedrig,242
7/6/2020 16:00,8406.06,4,niedrig,243
7/6/2020 17:00,8421.36,4,niedrig,244
7/6/2020 18:00,8435.58,4,niedrig,245
7/6/2020 19:00,8442.42,4,niedrig,246
7/6/2020 20:00,8469.24,4,niedrig,247
7/6/2020 21:00,8471.94,4,niedrig,248
7/6/2020 22:00,8500.8,4,niedrig,249
7/6/2020 23:00,8527.8,4,niedrig,250
7/7/2020 0:00,8553,4,niedrig,251
7/7/2020 1:00,8591.22,4,niedrig,252
7/7/2020 2:00,8609.28,4,niedrig,253
7/7/2020 3:00,8627.58,4,niedrig,254
7/7/2020 4:00,8650.02,4,niedrig,255
7/7/2020 5:00,8666.52,4,niedrig,256
7/7/2020 6:00,8680.92,4,niedrig,257
7/7/2020 7:00,8694.9,4,niedrig,258
7/7/2020 8:00,8722.8,4,niedrig,259
7/7/2020 9:00,8745.24,4,niedrig,260
7/7/2020 10:00,8757.36,4,niedrig,261
7/7/2020 11:00,8763.12,4,niedrig,262
7/7/2020 12:00,8766.3,4,niedrig,263
7/7/2020 13:00,8768.16,4,niedrig,264
7/7/2020 14:00,8769.54,4,niedrig,265
7/7/2020 15:00,8772.24,4,niedrig,266
7/7/2020 16:00,8779.8,4,niedrig,267
7/7/2020 17:00,8782.32,4,niedrig,268
7/7/2020 18:00,8794.26,4,niedrig,269
7/7/2020 19:00,8811.42,4,niedrig,270
7/7/2020 20:00,8832.24,4,niedrig,271
7/7/2020 21:00,8874.78,4,niedrig,272
7/7/2020 22:00,8901.12,4,niedrig,273
7/7/2020 23:00,8935.44,4,niedrig,274
7/8/2020 0:00,8967.72,4,niedrig,275
7/8/2020 1:00,8991.96,4,niedrig,276
7/8/2020 2:00,9016.92,4,niedrig,277
7/8/2020 3:00,9036.84,4,niedrig,278
7/8/2020 4:00,9065.94,4,niedrig,279
7/8/2020 5:00,9080.34,4,niedrig,280
7/8/2020 6:00,9093.36,4,niedrig,281
7/8/2020 7:00,9114.42,4,niedrig,282
7/8/2020 8:00,9133.2,4,niedrig,283
7/8/2020 9:00,9153.36,4,niedrig,284
7/8/2020 10:00,9176.22,4,niedrig,285
7/8/2020 11:00,9200.76,4,niedrig,286
7/8/2020 12:00,9229.56,4,niedrig,287
7/8/2020 13:00,9252.48,4,niedrig,288
7/8/2020 14:00,9272.16,4,niedrig,289
7/8/2020 15:00,9295.74,4,niedrig,290
7/8/2020 16:00,9318.36,4,niedrig,291
7/8/2020 17:00,9342.9,4,niedrig,292
7/8/2020 18:00,9365.1,4,niedrig,293
7/8/2020 19:00,9395.04,4,niedrig,294
7/8/2020 20:00,9422.52,4,niedrig,295
7/8/2020 21:00,9454.08,4,niedrig,296
7/8/2020 22:00,9480.9,4,niedrig,297
7/8/2020 23:00,9503.34,4,niedrig,298
7/9/2020 0:00,9528.06,4,niedrig,299
7/9/2020 1:00,9548.64,4,niedrig,300
7/9/2020 2:00,9569.22,4,niedrig,301
7/9/2020 3:00,9589.38,4,niedrig,302
7/9/2020 4:00,9609.06,4,niedrig,303
7/9/2020 5:00,9631.74,4,niedrig,304
7/9/2020 6:00,9649.14,4,niedrig,305
7/9/2020 7:00,9670.86,4,niedrig,306
7/9/2020 8:00,9692.4,4,niedrig,307
7/9/2020 9:00,9711.84,4,niedrig,308
7/9/2020 10:00,9733.32,4,niedrig,309
7/9/2020 11:00,9746.16,4,niedrig,310
7/9/2020 12:00,9753.72,4,niedrig,311
7/9/2020 13:00,9754.38,4,niedrig,312
7/9/2020 14:00,9755.58,4,niedrig,313
7/9/2020 15:00,9756,4,niedrig,314
7/9/2020 16:00,9757.86,4,niedrig,315
7/9/2020 17:00,9759.9,4,niedrig,316
7/9/2020 18:00,9760.38,4,niedrig,317
7/9/2020 19:00,9762.66,4,niedrig,318
7/9/2020 20:00,9764.22,4,niedrig,319
7/9/2020 21:00,9777.54,4,niedrig,320
7/9/2020 22:00,9797.46,4,niedrig,321
7/9/2020 23:00,9836.34,4,niedrig,322
7/10/2020 0:00,9862.2,4,niedrig,323
7/10/2020 1:00,9883.98,4,niedrig,324
7/10/2020 2:00,9907.98,4,niedrig,325
7/10/2020 3:00,9926.52,4,niedrig,326
7/10/2020 4:00,9948.06,4,niedrig,327
7/10/2020 5:00,9963.12,4,niedrig,328
7/10/2020 6:00,9982.86,4,niedrig,329
7/10/2020 7:00,9998.4,4,niedrig,330
7/10/2020 8:00,10013.28,4,niedrig,331
7/10/2020 9:00,10016.94,4,niedrig,332
7/10/2020 10:00,10026.78,4,niedrig,333
7/10/2020 11:00,10035.24,4,niedrig,334
7/10/2020 12:00,10038,4,niedrig,335
7/10/2020 13:00,10043.46,4,niedrig,336
7/10/2020 14:00,10047.18,4,niedrig,337
7/10/2020 15:00,10052.16,4,niedrig,338
7/10/2020 16:00,10082.4,4,niedrig,339
7/10/2020 17:00,10120.62,4,niedrig,340
7/10/2020 18:00,10124.28,4,niedrig,341
7/10/2020 19:00,10131.84,4,niedrig,342
7/10/2020 20:00,10138.68,4,niedrig,343
7/10/2020 21:00,10173.96,4,niedrig,344
7/10/2020 22:00,10191.78,4,niedrig,345
7/10/2020 23:00,10212.18,4,niedrig,346
7/11/2020 0:00,10227.06,4,niedrig,347
7/11/2020 1:00,10256.34,4,niedrig,348
7/11/2020 2:00,10273.5,4,niedrig,349
7/11/2020 3:00,10297.08,4,niedrig,350
7/11/2020 4:00,10311.96,4,niedrig,351
7/11/2020 5:00,10328.46,4,niedrig,352
7/11/2020 6:00,10348.62,4,niedrig,353
7/11/2020 7:00,10364.16,4,niedrig,354
7/11/2020 8:00,10388.64,4,niedrig,355
7/11/2020 9:00,10401.24,4,niedrig,356
7/11/2020 10:00,10411.56,4,niedrig,357
7/11/2020 11:00,10421.4,4,niedrig,358
7/11/2020 12:00,10427.34,4,niedrig,359
7/11/2020 13:00,10433.04,4,niedrig,360
7/11/2020 14:00,10435.56,4,niedrig,361
7/11/2020 15:00,10439.22,4,niedrig,362
7/11/2020 16:00,10444.74,4,niedrig,363
7/11/2020 17:00,10449.96,4,niedrig,364
7/11/2020 18:00,10454.58,4,niedrig,365
7/11/2020 19:00,10459.86,4,niedrig,366
7/11/2020 20:00,10486.38,4,niedrig,367
7/11/2020 21:00,10548.18,4,niedrig,368
7/11/2020 22:00,10556.64,4,niedrig,369
7/11/2020 23:00,10579.74,4,niedrig,370
7/12/2020 0:00,10609.5,4,niedrig,371
7/12/2020 1:00,10629.9,4,niedrig,372
7/12/2020 2:00,10645.2,4,niedrig,373
7/12/2020 3:00,10666.98,4,niedrig,374
7/12/2020 4:00,10683.48,4,niedrig,375
7/12/2020 5:00,10701.3,4,niedrig,376
7/12/2020 6:00,10717.08,4,niedrig,377
7/12/2020 7:00,10734.48,4,niedrig,378
7/12/2020 8:00,10758.54,4,niedrig,379
7/12/2020 9:00,10787.34,4,niedrig,380
7/12/2020 10:00,10799.04,4,niedrig,381
7/12/2020 11:00,10810.02,4,niedrig,382
7/12/2020 12:00,10816.2,4,niedrig,383
7/12/2020 13:00,10819.38,4,niedrig,384
7/12/2020 14:00,10821.72,4,niedrig,385
7/12/2020 15:00,10828.56,4,niedrig,386
7/12/2020 16:00,10838.4,4,niedrig,387
7/12/2020 17:00,10845.06,4,niedrig,388
7/12/2020 18:00,10846.62,4,niedrig,389
7/12/2020 19:00,10852.8,4,niedrig,390
7/12/2020 20:00,10854.18,4,niedrig,391
7/12/2020 21:00,10908.9,4,niedrig,392
7/12/2020 22:00,10947.36,4,niedrig,393
7/12/2020 23:00,10951.5,4,niedrig,394
7/13/2020 0:00,10999.8,4,niedrig,395
7/13/2020 1:00,11008.92,4,niedrig,396
7/13/2020 2:00,11027.7,4,niedrig,397
7/13/2020 3:00,11047.14,4,niedrig,398
7/13/2020 4:00,11067.78,4,niedrig,399
7/13/2020 5:00,11083.98,4,niedrig,400
7/13/2020 6:00,11102.1,4,niedrig,401
7/13/2020 7:00,11119.68,4,niedrig,402
7/13/2020 8:00,11146.74,4,niedrig,403
7/13/2020 9:00,11179.44,4,niedrig,404
7/13/2020 10:00,11194.8,4,niedrig,405
7/13/2020 11:00,11200.98,4,niedrig,406
7/13/2020 12:00,11213.76,4,niedrig,407
7/13/2020 13:00,11216.28,4,niedrig,408
7/13/2020 14:00,11216.28,4,niedrig,409
7/13/2020 15:00,11218.56,4,niedrig,410
7/13/2020 16:00,11221.56,4,niedrig,411
7/13/2020 17:00,11227.08,4,niedrig,412
7/13/2020 18:00,11228.4,4,niedrig,413
7/13/2020 19:00,11230.5,4,niedrig,414
7/13/2020 20:00,11231.64,4,niedrig,415
7/13/2020 21:00,11267.34,4,niedrig,416
7/13/2020 22:00,11288.64,4,niedrig,417
7/13/2020 23:00,11315.16,4,niedrig,418
7/14/2020 0:00,11333.7,4,niedrig,419
7/14/2020 1:00,11369.22,4,niedrig,420
7/14/2020 2:00,11405.1,4,niedrig,421
7/14/2020 3:00,11406.96,4,niedrig,422
7/14/2020 4:00,11419.56,4,niedrig,423
7/14/2020 5:00,11433.72,4,niedrig,424
7/14/2020 6:00,11448.6,4,niedrig,425
7/14/2020 7:00,11467.62,4,niedrig,426
7/14/2020 8:00,11482.92,4,niedrig,427
7/14/2020 9:00,11510.4,4,niedrig,428
7/14/2020 10:00,11523.66,4,niedrig,429
7/14/2020 11:00,11529.66,4,niedrig,430
7/14/2020 12:00,11548.62,4,niedrig,431
7/14/2020 13:00,11549.1,4,niedrig,432
7/14/2020 14:00,11558.46,4,niedrig,433
7/14/2020 15:00,11560.56,4,niedrig,434
7/14/2020 16:00,11561.94,4,niedrig,435
7/14/2020 17:00,11563.26,4,niedrig,436
7/14/2020 18:00,11564.22,4,niedrig,437
7/14/2020 19:00,11593.02,4,niedrig,438
7/14/2020 20:00,11626.44,4,niedrig,439
7/14/2020 21:00,11667,4,niedrig,440
7/14/2020 22:00,11688.72,4,niedrig,441
7/14/2020 23:00,11708.64,4,niedrig,442
7/15/2020 0:00,11735.4,4,niedrig,443
7/15/2020 1:00,11760.36,4,niedrig,444
7/15/2020 2:00,11784.84,4,niedrig,445
7/15/2020 3:00,11804.28,4,niedrig,446
7/15/2020 4:00,11828.58,4,niedrig,447
7/15/2020 5:00,11843.88,4,niedrig,448
7/15/2020 6:00,11864.28,4,niedrig,449
7/15/2020 7:00,11882.58,4,niedrig,450
7/15/2020 8:00,11899.74,4,niedrig,451
7/15/2020 9:00,11916.24,4,niedrig,452
7/15/2020 10:00,11927.88,4,niedrig,453
7/15/2020 11:00,11934.3,4,niedrig,454
7/15/2020 12:00,11939.58,4,niedrig,455
7/15/2020 13:00,11943.24,4,niedrig,456
7/15/2020 14:00,11945.52,4,niedrig,457
7/15/2020 15:00,11946.66,4,niedrig,458
7/15/2020 16:00,11953.08,4,niedrig,459
7/15/2020 17:00,11962.44,4,niedrig,460
7/15/2020 18:00,11977.14,4,niedrig,461
7/15/2020 19:00,11993.16,4,niedrig,462
7/15/2020 20:00,12013.02,4,niedrig,463
7/15/2020 21:00,12048.78,4,niedrig,464
7/15/2020 22:00,12082.86,4,niedrig,465
7/15/2020 23:00,12104.16,4,niedrig,466
7/16/2020 0:00,12124.08,4,niedrig,467
7/16/2020 1:00,12157.68,4,niedrig,468
7/16/2020 2:00,12178.98,4,niedrig,469
7/16/2020 3:00,12200.94,4,niedrig,470
7/16/2020 4:00,12232.98,4,niedrig,471
7/16/2020 5:00,12255,4,niedrig,472
7/16/2020 6:00,12275.34,4,niedrig,473
7/16/2020 7:00,12297.12,4,niedrig,474
7/16/2020 8:00,12323.4,4,niedrig,475
7/16/2020 9:00,12348.12,4,niedrig,476
7/16/2020 10:00,12373.56,4,niedrig,477
7/16/2020 11:00,12397.14,4,niedrig,478
7/16/2020 12:00,12423.18,4,niedrig,479
7/16/2020 13:00,12445.44,4,niedrig,480
7/16/2020 14:00,12471.06,4,niedrig,481
7/16/2020 15:00,12493.92,4,niedrig,482
7/16/2020 16:00,12509.28,4,niedrig,483
7/16/2020 17:00,12525.54,4,niedrig,484
7/16/2020 18:00,12534,4,niedrig,485
7/16/2020 19:00,12550.68,4,niedrig,486
7/16/2020 20:00,12566.28,4,niedrig,487
7/16/2020 21:00,12590.52,4,niedrig,488
7/16/2020 22:00,12607.92,4,niedrig,489
7/16/2020 23:00,12627.84,4,niedrig,490
7/17/2020 0:00,12650.52,4,niedrig,491
7/17/2020 1:00,12665.34,4,niedrig,492
7/17/2020 2:00,12685.08,4,niedrig,493
7/17/2020 3:00,12700.86,4,niedrig,494
7/17/2020 4:00,12715.74,4,niedrig,495
7/17/2020 5:00,12734.52,4,niedrig,496
7/17/2020 6:00,12750.96,4,niedrig,497
7/17/2020 7:00,12765.84,4,niedrig,498
7/17/2020 8:00,12780.06,4,niedrig,499
7/17/2020 9:00,12791.46,4,niedrig,500
7/17/2020 10:00,12802.02,4,niedrig,501
7/17/2020 11:00,12813.48,4,niedrig,502
7/17/2020 12:00,12841.14,4,niedrig,503
7/17/2020 13:00,12842.04,4,niedrig,504
7/17/2020 14:00,12843.66,4,niedrig,505
7/17/2020 15:00,12851.46,4,niedrig,506
7/17/2020 16:00,12855.78,4,niedrig,507
7/17/2020 17:00,12859.92,4,niedrig,508
7/17/2020 18:00,12862.44,4,niedrig,509
7/17/2020 19:00,12865.62,4,niedrig,510
7/17/2020 20:00,12884.16,4,niedrig,511
7/17/2020 21:00,12919.92,4,niedrig,512
7/17/2020 22:00,12942.3,4,niedrig,513
7/17/2020 23:00,12991.98,4,niedrig,514
7/18/2020 0:00,13002.3,4,niedrig,515
7/18/2020 1:00,13022.64,4,niedrig,516
7/18/2020 2:00,13043.46,4,niedrig,517
7/18/2020 3:00,13064.76,4,niedrig,518
7/18/2020 4:00,13082.4,4,niedrig,519
7/18/2020 5:00,13103.7,4,niedrig,520
7/18/2020 6:00,13123.62,4,niedrig,521
7/18/2020 7:00,13140.3,4,niedrig,522
7/18/2020 8:00,13168.92,4,niedrig,523
7/18/2020 9:00,13190.22,4,niedrig,524
7/18/2020 10:00,13216.08,4,niedrig,525
7/18/2020 11:00,13227.54,4,niedrig,526
7/18/2020 12:00,13230.72,4,niedrig,527
7/18/2020 13:00,13231.38,4,niedrig,528
7/18/2020 14:00,13234.14,4,niedrig,529
7/18/2020 15:00,13237.8,4,niedrig,530
7/18/2020 16:00,13246.08,4,niedrig,531
7/18/2020 17:00,13247.22,4,niedrig,532
7/18/2020 18:00,13249.92,4,niedrig,533
7/18/2020 19:00,13265.76,4,niedrig,534
7/18/2020 20:00,13276.02,4,niedrig,535
7/18/2020 21:00,13307.16,4,niedrig,536
7/18/2020 22:00,13332.36,4,niedrig,537
7/18/2020 23:00,13352.04,4,niedrig,538
7/19/2020 0:00,13371.96,4,niedrig,539
7/19/2020 1:00,13410.6,4,niedrig,540
7/19/2020 2:00,13422.96,4,niedrig,541
7/19/2020 3:00,13444.02,4,niedrig,542
7/19/2020 4:00,13462.8,4,niedrig,543
7/19/2020 5:00,13480.86,4,niedrig,544
7/19/2020 6:00,13493.7,4,niedrig,545
7/19/2020 7:00,13510.2,4,niedrig,546
7/19/2020 8:00,13528.02,4,niedrig,547
7/19/2020 9:00,13553.7,4,niedrig,548
7/19/2020 10:00,13570.14,4,niedrig,549
7/19/2020 11:00,13577.22,4,niedrig,550
7/19/2020 12:00,13582.08,4,niedrig,551
7/19/2020 13:00,13582.98,4,niedrig,552
7/19/2020 14:00,13583.4,4,niedrig,553
7/19/2020 15:00,13584.12,4,niedrig,554
7/19/2020 16:00,13584.78,4,niedrig,555
7/19/2020 17:00,13587.54,4,niedrig,556
7/19/2020 18:00,13589.16,4,niedrig,557
7/19/2020 19:00,13592.58,4,niedrig,558
7/19/2020 20:00,13594.44,4,niedrig,559
7/19/2020 21:00,13595.34,4,niedrig,560
7/19/2020 22:00,13596.24,4,niedrig,561
7/19/2020 23:00,13596.72,4,niedrig,562
7/20/2020 0:00,13625.1,4,niedrig,563
7/20/2020 1:00,13670.88,4,niedrig,564
7/20/2020 2:00,13686.66,4,niedrig,565
7/20/2020 3:00,13743.42,4,niedrig,566
7/20/2020 4:00,13743.66,4,niedrig,567
7/20/2020 5:00,13759.44,4,niedrig,568
7/20/2020 6:00,13774.98,4,niedrig,569
7/20/2020 7:00,13785.54,4,niedrig,570
7/20/2020 8:00,13804.32,4,niedrig,571
7/20/2020 9:00,13821.24,4,niedrig,572
7/20/2020 10:00,13833.12,4,niedrig,573
7/20/2020 11:00,13842.96,4,niedrig,574
7/20/2020 12:00,13852.8,4,niedrig,575
7/20/2020 13:00,13861.74,4,niedrig,576
7/20/2020 14:00,13871.58,4,niedrig,577
7/20/2020 15:00,13875,4,niedrig,578
7/20/2020 16:00,13882.38,4,niedrig,579
7/20/2020 17:00,13898.82,4,niedrig,580
7/20/2020 18:00,13905,4,niedrig,581
7/20/2020 19:00,13908.24,4,niedrig,582
7/20/2020 20:00,13910.52,4,niedrig,583
7/20/2020 21:00,13911.42,4,niedrig,584
7/20/2020 22:00,13945.74,4,niedrig,585
7/20/2020 23:00,13959,4,niedrig,586
7/21/2020 0:00,13999.98,4,niedrig,587
7/21/2020 1:00,14007.3,4,niedrig,588
7/21/2020 2:00,14026.08,4,niedrig,589
7/21/2020 3:00,14045.52,4,niedrig,590
7/21/2020 4:00,14061.36,4,niedrig,591
7/21/2020 5:00,14072.34,4,niedrig,592
7/21/2020 6:00,14085.84,4,niedrig,593
7/21/2020 7:00,14107.8,4,niedrig,594
7/21/2020 8:00,14127.72,4,niedrig,595
7/21/2020 9:00,14155.62,4,niedrig,596
7/21/2020 10:00,14176.68,4,niedrig,597
7/21/2020 11:00,14205.54,4,niedrig,598
7/21/2020 12:00,14214.72,4,niedrig,599
7/21/2020 13:00,14218.38,4,niedrig,600
7/21/2020 14:00,14221.32,4,niedrig,601
7/21/2020 15:00,14226.84,4,niedrig,602
7/21/2020 16:00,14235.54,4,niedrig,603
7/21/2020 17:00,14243.28,4,niedrig,604
7/21/2020 18:00,14244.9,4,niedrig,605
7/21/2020 19:00,14257.02,4,niedrig,606
7/21/2020 20:00,14269.62,4,niedrig,607
7/21/2020 21:00,14284.5,4,niedrig,608
7/21/2020 22:00,14327.76,4,niedrig,609
7/21/2020 23:00,14334.42,4,niedrig,610
7/22/2020 0:00,14365.32,4,niedrig,611
7/22/2020 1:00,14383.86,4,niedrig,612
7/22/2020 2:00,14401.02,4,niedrig,613
7/22/2020 3:00,14415.42,4,niedrig,614
7/22/2020 4:00,14431.92,4,niedrig,615
7/22/2020 5:00,14445.66,4,niedrig,616
7/22/2020 6:00,14462.34,4,niedrig,617
7/22/2020 7:00,14475.84,4,niedrig,618
7/22/2020 8:00,14500.56,4,niedrig,619
7/22/2020 9:00,14527.14,4,niedrig,620
7/22/2020 10:00,14544.72,4,niedrig,621
7/22/2020 11:00,14563.26,4,niedrig,622
7/22/2020 12:00,14583.18,4,niedrig,623
7/22/2020 13:00,14590.98,4,niedrig,624
7/22/2020 14:00,14592.84,4,niedrig,625
7/22/2020 15:00,14599.02,4,niedrig,626
7/22/2020 16:00,14608.62,4,niedrig,627
